ID,Job_Title,Salary_Estimate,Rating,Company_Name,Size,Founded,Type_of_Ownership,Sector,Revenue,hourly,employer_provided,min_salary,max_salary,avg_salary,job_state,age,python_yn,R_yn,spark,aws,excel
0,Data Scientist,$53K-$91K (Glassdoor est.),3.8,Tecolote Research,501 to 1000,1973,Company - Private,Aerospace & Defense,$50 to $100 million (USD),0,0,53,91,72.0, NM,47,1,0,0,0,1
1,Other Data related Job,$63K-$112K (Glassdoor est.),3.4,University of Maryland Medical System,10000+,1984,Other Organization,Health Care,$2 to $5 billion (USD),0,0,63,112,87.5, MD,36,1,0,0,0,0
2,Data Scientist,$80K-$90K (Glassdoor est.),4.8,KnowBe4,501 to 1000,2010,Company - Private,Business Services,$100 to $500 million (USD),0,0,80,90,85.0, FL,10,1,0,1,0,1
3,Data Scientist,$56K-$97K (Glassdoor est.),3.8,PNNL,1001 to 5000,1965,Government,"Oil, Gas, Energy & Utilities",$500 million to $1 billion (USD),0,0,56,97,76.5, WA,55,1,0,0,0,0
4,Data Scientist,$86K-$143K (Glassdoor est.),2.9,Affinity Solutions,51 to 200,1998,Company - Private,Business Services,Unknown / Non-Applicable,0,0,86,143,114.5, NY,22,1,0,0,0,1
5,Data Scientist,$71K-$119K (Glassdoor est.),3.4,CyrusOne,201 to 500,2000,Company - Public,Real Estate,$1 to $2 billion (USD),0,0,71,119,95.0, TX,20,1,0,0,1,1
6,Data Scientist,$54K-$93K (Glassdoor est.),4.1,ClearOne Advantage,501 to 1000,2008,Company - Private,Finance,Unknown / Non-Applicable,0,0,54,93,73.5, MD,12,0,0,0,0,1
7,Data Scientist,$86K-$142K (Glassdoor est.),3.8,Logic20/20,201 to 500,2005,Company - Private,Business Services,$25 to $50 million (USD),0,0,86,142,114.0, CA,15,1,0,1,1,1
8,Research Scientist,$38K-$84K (Glassdoor est.),3.3,Rochester Regional Health,10000+,2014,Hospital,Health Care,$500 million to $1 billion (USD),0,0,38,84,61.0, NY,6,0,0,0,0,0
10,Data Scientist,$126K-$201K (Glassdoor est.),3.5,Wish,501 to 1000,2011,Company - Private,Retail,$1 to $2 billion (USD),0,0,126,201,163.5, CA,9,1,0,0,0,0
11,Data Scientist,$64K-$106K (Glassdoor est.),4.1,ManTech,5001 to 10000,1968,Company - Public,Business Services,$1 to $2 billion (USD),0,0,64,106,85.0, VA,52,0,0,0,0,0
12,Other Data related Job,$106K-$172K (Glassdoor est.),3.2,Walmart,10000+,1962,Company - Public,Retail,$10+ billion (USD),0,0,106,172,139.0, TX,58,0,0,0,0,0
13,Data Analyst,$46K-$85K (Glassdoor est.),4.1,Yesler,201 to 500,2012,Company - Private,Business Services,Unknown / Non-Applicable,0,0,46,85,65.5, WA,8,1,0,1,1,1
14,Data Scientist,$83K-$144K (Glassdoor est.),3.7,Takeda Pharmaceuticals,10000+,1781,Company - Public,Biotech & Pharmaceuticals,$10+ billion (USD),0,0,83,144,113.5, MA,239,1,0,1,0,0
15,Other Data related Job,$102K-$190K (Glassdoor est.),3.6,Audible,1001 to 5000,1995,Subsidiary or Business Segment,Media,Unknown / Non-Applicable,0,0,102,190,146.0, NJ,25,0,0,0,0,1
16,Other Data related Job,$67K-$137K (Glassdoor est.),3.9,Blueprint Medicines,51 to 200,2011,Company - Public,Biotech & Pharmaceuticals,$1 to $5 million (USD),0,0,67,137,102.0, MA,9,0,0,0,0,1
17,Other Data related Job,$118K-$189K (Glassdoor est.),4.3,h2o.ai,201 to 500,2011,Company - Private,Information Technology,Unknown / Non-Applicable,0,0,118,189,153.5, CA,9,1,0,1,1,1
18,Other Data related Job,$110K-$175K (Glassdoor est.),4.2,Nuna,51 to 200,2010,Company - Private,Information Technology,Unknown / Non-Applicable,0,0,110,175,142.5, CA,10,0,0,0,0,0
19,Data Scientist,$64K-$111K (Glassdoor est.),4.0,Pinnacol Assurance,501 to 1000,1915,Nonprofit Organization,Insurance,$500 million to $1 billion (USD),0,0,64,111,87.5, CO,105,1,0,0,0,1
20,Data Scientist,$81K-$130K (Glassdoor est.),3.2,Porch,201 to 500,2012,Company - Private,Information Technology,Unknown / Non-Applicable,0,0,81,130,105.5, WA,8,1,0,1,0,0
21,Other Data related Job,$73K-$119K (Glassdoor est.),3.9,Health IQ,201 to 500,2013,Company - Private,Insurance,Unknown / Non-Applicable,0,0,73,119,96.0, TX,7,0,0,0,0,1
22,Other Data related Job,$86K-$139K (Glassdoor est.),3.8,Truckstop.com,501 to 1000,1995,Company - Private,Other,Unknown / Non-Applicable,0,0,86,139,112.5, IL,25,1,0,0,1,1
23,Data Scientist,$63K-$105K (Glassdoor est.),4.3,SMC 3,51 to 200,1935,Nonprofit Organization,Other,$10 to $25 million (USD),0,0,63,105,84.0, KY,85,1,0,0,0,1
24,Data Scientist,$109K-$177K (Glassdoor est.),4.0,Novetta,501 to 1000,2012,Company - Private,Information Technology,$100 to $500 million (USD),0,0,109,177,143.0, VA,8,1,0,0,1,0
25,Other Data related Job,$63K-$110K (Glassdoor est.),4.0,Pfizer,10000+,1849,Company - Public,Biotech & Pharmaceuticals,$10+ billion (USD),0,0,63,110,86.5, MA,171,1,0,0,1,1
26,Data Scientist,$75K-$124K (Glassdoor est.),3.5,First Tech Federal Credit Union,1001 to 5000,1952,Company - Private,Finance,$100 to $500 million (USD),0,0,75,124,99.5, OR,68,1,0,1,1,1
27,Associate Data Analyst,$34K-$61K (Glassdoor est.),3.7,The Hanover Insurance Group,5001 to 10000,1852,Company - Public,Insurance,$5 to $10 billion (USD),0,0,34,61,47.5, MA,168,0,0,0,0,1
28,Other Data related Job,$63K-$105K (Glassdoor est.),4.0,Pfizer,10000+,1849,Company - Public,Biotech & Pharmaceuticals,$10+ billion (USD),0,0,63,105,84.0, CT,171,0,0,0,1,1
31,Data Scientist,$72K-$120K (Glassdoor est.),3.6,Amrock,1001 to 5000,1997,Company - Private,Real Estate,$500 million to $1 billion (USD),0,0,72,120,96.0, MI,23,1,0,0,0,0
32,Other Data related Job,$86K-$143K (Glassdoor est.),3.8,Novartis,10000+,1996,Company - Public,Biotech & Pharmaceuticals,$10+ billion (USD),0,0,86,143,114.5, MA,24,1,0,0,0,0
33,Data Scientist,$93K-$149K (Glassdoor est.),3.8,Juniper Networks,5001 to 10000,1996,Company - Public,Other,$2 to $5 billion (USD),0,0,93,149,121.0, CA,24,1,0,1,0,1
34,Data Scientist,$85K-$140K (Glassdoor est.),4.7,New England Biolabs,201 to 500,1974,Company - Private,Biotech & Pharmaceuticals,Unknown / Non-Applicable,0,0,85,140,112.5, MA,46,1,0,0,0,1
35,Other Data related Job,$77K-$135K (Glassdoor est.),4.2,Clarity Insights,201 to 500,2008,Company - Private,Information Technology,Unknown / Non-Applicable,0,0,77,135,106.0, CA,12,1,0,0,0,1
36,Data Scientist,$82K-$132K (Glassdoor est.),3.5,Esri,1001 to 5000,1969,Company - Private,Information Technology,$1 to $2 billion (USD),0,0,82,132,107.0, CA,51,1,0,1,1,0
37,Data Scientist,$83K-$137K (Glassdoor est.),4.7,Systems & Technology Research,201 to 500,2010,Company - Private,Aerospace & Defense,$100 to $500 million (USD),0,0,83,137,110.0, MA,10,1,0,1,0,1
38,Senior Data Scientist,$115K-$180K (Glassdoor est.),3.5,Sartorius,5001 to 10000,1870,Company - Public,Biotech & Pharmaceuticals,$1 to $2 billion (USD),0,0,115,180,147.5, CA,150,1,0,0,0,1
39,Data Engineer,$74K-$138K (Glassdoor est.),3.5,Lancer Insurance,201 to 500,1985,Company - Private,Insurance,$100 to $500 million (USD),0,0,74,138,106.0, NY,35,1,0,0,0,1
40,Data Analyst,$64K-$112K (Glassdoor est.),4.2,Sauce Labs,201 to 500,2008,Company - Private,Information Technology,$50 to $100 million (USD),0,0,64,112,88.0, CA,12,1,0,0,1,1
42,Other Data related Job,$110K-$175K (Glassdoor est.),4.2,Nuna,51 to 200,2010,Company - Private,Information Technology,Unknown / Non-Applicable,0,0,110,175,142.5, CA,10,0,0,0,0,0
43,Scientist,$52K-$113K (Glassdoor est.),3.4,Edgewell Personal Care,5001 to 10000,2015,Company - Public,Manufacturing,$2 to $5 billion (USD),0,0,52,113,82.5, NJ,5,0,0,0,1,0
44,Senior Data Scientist,$110K-$150K(Employer est.),4.3,Equity Residential,1001 to 5000,1993,Company - Public,Real Estate,$2 to $5 billion (USD),0,0,110,150,130.0, IL,27,1,0,1,0,1
46,Lead Data Scientist,$158K-$211K (Glassdoor est.),3.7,Visa Inc.,10000+,1958,Company - Public,Information Technology,$10+ billion (USD),0,0,158,211,184.5, WA,62,1,0,0,0,1
47,Associate Data Analyst,$20K-$39K (Glassdoor est.),3.1,Intrado,5001 to 10000,1986,Company - Private,Information Technology,$2 to $5 billion (USD),0,0,20,39,29.5, CO,34,0,0,0,0,1
48,Other Data related Job,$56K-$117K (Glassdoor est.),4.7,Centauri,501 to 1000,1999,Company - Private,Aerospace & Defense,$100 to $500 million (USD),0,0,56,117,86.5, OH,21,0,0,0,0,0
49,Other Data related Job,$63K-$99K (Glassdoor est.),3.7,Caterpillar,10000+,1925,Company - Public,Manufacturing,$10+ billion (USD),0,0,63,99,81.0, IL,95,0,0,0,0,0
50,Data Scientist,$68K-$114K (Glassdoor est.),3.8,Zimmerman Advertising,501 to 1000,1984,Subsidiary or Business Segment,Business Services,Unknown / Non-Applicable,0,0,68,114,91.0, FL,36,1,0,0,0,1
51,Other Data related Job,$86K-$143K (Glassdoor est.),3.3,Liberty Mutual Insurance,10000+,1912,Company - Private,Insurance,$10+ billion (USD),0,0,86,143,114.5, MA,108,1,0,0,0,0
52,Other Data related Job,$41K-$95K (Glassdoor est.),4.6,"Torch Technologies, Inc.",1001 to 5000,2002,Company - Private,Aerospace & Defense,$100 to $500 million (USD),0,0,41,95,68.0, AL,18,1,0,0,0,1
53,Data Scientist,$86K-$144K (Glassdoor est.),3.7,Swiss Re,10000+,1863,Company - Public,Insurance,$10+ billion (USD),0,0,86,144,115.0, NY,157,1,0,0,0,1
54,Data Scientist,$80K-$139K (Glassdoor est.),3.7,Northrop Grumman,10000+,1939,Company - Public,Aerospace & Defense,$10+ billion (USD),0,0,80,139,109.5, CA,81,0,0,0,0,1
55,Data Scientist,$56K-$95K (Glassdoor est.),3.5,Sartorius,5001 to 10000,1870,Company - Public,Biotech & Pharmaceuticals,$1 to $2 billion (USD),0,0,56,95,75.5, NM,150,1,0,0,0,1
56,Data Scientist,$120K-$189K (Glassdoor est.),4.1,Netskope,501 to 1000,2012,Company - Private,Information Technology,Unknown / Non-Applicable,0,0,120,189,154.5, CA,8,1,0,1,0,1
57,Data Scientist,$111K-$176K (Glassdoor est.),4.7,1904labs,51 to 200,2016,Company - Private,Information Technology,Unknown / Non-Applicable,0,0,111,176,143.5, MO,4,1,0,1,0,0
60,Senior Data Scientist,$82K-$132K (Glassdoor est.),4.4,The David J. Joseph Company,201 to 500,1885,Subsidiary or Business Segment,Other,Unknown / Non-Applicable,0,0,82,132,107.0, OH,135,1,0,0,1,0
61,Data Scientist,$84K-$146K (Glassdoor est.),4.3,USEReady,201 to 500,2011,Company - Private,Business Services,$10 to $25 million (USD),0,0,84,146,115.0, NY,9,1,0,1,1,0
62,Other Data related Job,$107K-$172K (Glassdoor est.),3.8,Bill.com,501 to 1000,2006,Company - Public,Finance,$50 to $100 million (USD),0,0,107,172,139.5, CA,14,0,0,0,0,0
63,Other Data related Job,$49K-$85K (Glassdoor est.),3.8,Pacific Northwest National Laboratory,1001 to 5000,1965,Government,"Oil, Gas, Energy & Utilities",$500 million to $1 billion (USD),0,0,49,85,67.0, WA,55,0,0,0,0,0
64,Data Scientist,$61K-$109K (Glassdoor est.),3.8,DICK'S Sporting Goods - Corporate,10000+,1948,Company - Public,Retail,$5 to $10 billion (USD),0,0,61,109,85.0, PA,72,1,0,0,0,0
65,Data Scientist,$88K-$148K (Glassdoor est.),2.8,Berg Health,51 to 200,2006,Company - Private,Biotech & Pharmaceuticals,$1 to $5 million (USD),0,0,88,148,118.0, MA,14,1,0,0,0,1
66,Data Scientist,$60K-$99K (Glassdoor est.),4.7,Oversight Systems,51 to 200,2003,Company - Private,Information Technology,$25 to $50 million (USD),0,0,60,99,79.5, GA,17,1,0,0,0,1
67,Other Data related Job,$41K-$72K (Glassdoor est.),3.1,C Space,201 to 500,1999,Company - Public,Business Services,$100 to $500 million (USD),0,0,41,72,56.5, MA,21,1,0,0,0,0
68,Data Scientist,$96K-$161K (Glassdoor est.),3.2,"Numeric, LLC",1 to 50,-1,Company - Private,Business Services,$5 to $10 million (USD),0,0,96,161,128.5, PA,-1,1,0,1,1,0
69,Other Data related Job,$65K-$130K (Glassdoor est.),4.0,HP Inc.,10000+,1939,Company - Public,Information Technology,Unknown / Non-Applicable,0,0,65,130,97.5, WA,81,0,0,0,0,0
70,Other Data related Job,$52K-$81K (Glassdoor est.),4.4,SpringML,1 to 50,2015,Company - Private,Information Technology,Unknown / Non-Applicable,0,0,52,81,66.5, IN,5,1,0,0,0,0
71,Other Data related Job,$139K-$220K (Glassdoor est.),3.6,Grainger,10000+,1927,Company - Public,Business Services,$10+ billion (USD),0,0,139,220,179.5, IL,93,1,0,0,0,1
72,Scientist,$50K-$102K (Glassdoor est.),2.7,EAG Laboratories,501 to 1000,1978,Subsidiary or Business Segment,Business Services,$50 to $100 million (USD),0,0,50,102,76.0, MO,42,0,0,0,0,1
73,Other Data related Job,$85K-$139K (Glassdoor est.),3.9,The Buffalo Group,501 to 1000,2010,Company - Private,Information Technology,$100 to $500 million (USD),0,0,85,139,112.0, VA,10,1,0,1,0,0
74,Data Scientist,$74K-$122K (Glassdoor est.),3.1,Carmeuse,1001 to 5000,1860,Company - Private,Other,$1 to $2 billion (USD),0,0,74,122,98.0, PA,160,1,0,0,0,0
75,Other Data related Job,$99K-$157K (Glassdoor est.),4.0,HP Inc.,10000+,1939,Company - Public,Information Technology,Unknown / Non-Applicable,0,0,99,157,128.0, WA,81,0,0,1,1,0
76,Other Data related Job,$79K-$222K (Glassdoor est.),4.3,h2o.ai,201 to 500,2011,Company - Private,Information Technology,Unknown / Non-Applicable,0,0,79,222,150.5, CA,9,1,0,1,1,1
77,Research Scientist,$57K-$118K (Glassdoor est.),1.9,GNS Healthcare,51 to 200,2000,Company - Private,Biotech & Pharmaceuticals,$10 to $25 million (USD),0,0,57,118,87.5, MA,20,0,0,0,1,0
78,Data Scientist,$83K-$137K (Glassdoor est.),3.3,Peraton,1001 to 5000,2017,Company - Private,Aerospace & Defense,$1 to $2 billion (USD),0,0,83,137,110.0, VA,3,1,0,0,0,1
79,Data Scientist,$86K-$141K (Glassdoor est.),4.4,Pactera,10000+,1995,Company - Private,Information Technology,$500 million to $1 billion (USD),0,0,86,141,113.5, CA,25,1,0,0,0,1
80,Data Scientist,$94K-$154K (Glassdoor est.),3.9,Nurx,51 to 200,2016,Company - Private,Health Care,$1 to $5 million (USD),0,0,94,154,124.0, CA,4,1,0,0,0,0
81,Other Data related Job,$37K-$76K (Glassdoor est.),4.7,webfx.com,201 to 500,1997,Company - Private,Business Services,$25 to $50 million (USD),0,0,37,76,56.5, PA,23,0,0,0,0,1
82,Data Scientist,$100K-$160K (Glassdoor est.),4.5,Johns Hopkins University Applied Physics Laboratory,5001 to 10000,1942,Nonprofit Organization,Aerospace & Defense,$1 to $2 billion (USD),0,0,100,160,130.0, MD,78,1,0,0,0,1
83,Data Analyst,$55K-$100K (Glassdoor est.),4.3,Productive Edge,51 to 200,2008,Company - Private,Information Technology,$10 to $25 million (USD),0,0,55,100,77.5, IL,12,0,0,0,0,1
84,Data Engineer,$60K-$114K (Glassdoor est.),4.0,Excella Consulting,201 to 500,2002,Company - Private,Business Services,$50 to $100 million (USD),0,0,60,114,87.0, VA,18,1,0,0,1,1
85,Data Analyst,$39K-$68K (Glassdoor est.),4.4,Gensco,501 to 1000,1948,Company - Private,Business Services,$100 to $500 million (USD),0,0,39,68,53.5, WA,72,0,0,0,0,1
88,Data Scientist,$64K-$107K (Glassdoor est.),4.2,goTRG,501 to 1000,2008,Company - Private,Information Technology,$100 to $500 million (USD),0,0,64,107,85.5, FL,12,1,0,1,0,1
89,Other Data related Job,$31K-$65K (Glassdoor est.),4.5,NMR Consulting,51 to 200,1996,Company - Private,Information Technology,$25 to $50 million (USD),0,0,31,65,48.0, AL,24,0,0,0,0,1
90,Other Data related Job,$34K-$62K (Glassdoor est.),3.5,iSeatz,51 to 200,1999,Company - Private,Information Technology,Unknown / Non-Applicable,0,0,34,62,48.0, LA,21,0,0,0,0,1
91,Other Data related Job,$117K-$231K (Glassdoor est.),3.5,Nektar Therapeutics,201 to 500,1990,Company - Public,Biotech & Pharmaceuticals,$100 to $500 million (USD),0,0,117,231,174.0, CA,30,0,0,0,0,1
92,Other Data related Job,$64K-$106K (Glassdoor est.),3.9,TransUnion,5001 to 10000,1968,Company - Public,Finance,$1 to $2 billion (USD),0,0,64,106,85.0, GA,52,1,0,1,0,0
93,Other Data related Job,$79K-$134K (Glassdoor est.),4.7,IT Concepts,51 to 200,2003,Company - Private,Information Technology,$10 to $25 million (USD),0,0,79,134,106.5, MD,17,0,0,0,0,0
94,Other Data related Job,$52K-$93K (Glassdoor est.),4.2,Scientific Research Corporation,1001 to 5000,1988,Company - Private,Information Technology,$100 to $500 million (USD),0,0,52,93,72.5, MD,32,0,0,0,0,1
95,Scientist,$55K-$116K (Glassdoor est.),3.4,General Dynamics Information Technology,10000+,1996,Subsidiary or Business Segment,Information Technology,$10+ billion (USD),0,0,55,116,85.5, MD,24,0,0,0,0,0
96,Data Scientist,$72K-$123K (Glassdoor est.),3.2,MITRE,5001 to 10000,1958,Nonprofit Organization,Government,$1 to $2 billion (USD),0,0,72,123,97.5, VA,62,1,0,0,0,1
97,Data Scientist,$74K-$124K (Glassdoor est.),3.9,The Buffalo Group,501 to 1000,2010,Company - Private,Information Technology,$100 to $500 million (USD),0,0,74,124,99.0, VA,10,1,0,0,0,1
98,Data Analyst,$40K-$73K (Glassdoor est.),3.1,DentaQuest,1001 to 5000,2001,Company - Private,Insurance,$2 to $5 billion (USD),0,0,40,73,56.5, WI,19,0,0,0,0,1
99,Lead Data Scientist,$102K-$164K (Glassdoor est.),4.1,Redjack,1 to 50,2007,Company - Private,Information Technology,Unknown / Non-Applicable,0,0,102,164,133.0, MD,13,1,0,0,0,0
100,Data Scientist,$89K-$153K (Glassdoor est.),3.8,7Park Data,51 to 200,2012,Company - Private,Business Services,Unknown / Non-Applicable,0,0,89,153,121.0, NY,8,1,0,1,0,0
101,Data Scientist,$61K-$110K (Glassdoor est.),4.7,Rapid Response Monitoring,501 to 1000,1992,Company - Private,Business Services,Unknown / Non-Applicable,0,0,61,110,85.5, NY,28,1,0,0,0,0
102,Other Data related Job,$65K-$110K (Glassdoor est.),4.3,Trilogy Ed,1001 to 5000,2015,Subsidiary or Business Segment,Education,Unknown / Non-Applicable,0,0,65,110,87.5, TX,5,1,0,0,0,0
103,Senior Data Scientist,$200K-$275K(Employer est.),4.2,Gallup,1001 to 5000,1935,Company - Private,Business Services,Unknown / Non-Applicable,0,0,200,275,237.5, DC,85,1,0,0,0,1
104,Data Engineer,$68K-$123K (Glassdoor est.),3.9,CapTech,1001 to 5000,1997,Company - Private,Information Technology,$100 to $500 million (USD),0,0,68,123,95.5, NC,23,1,0,1,0,0
105,Senior Data Scientist,$80K-$129K (Glassdoor est.),3.3,American Axle & Manufacturing,10000+,1994,Company - Public,Manufacturing,$5 to $10 billion (USD),0,0,80,129,104.5, MI,26,1,0,1,1,1
106,Other Data related Job,$41K-$72K (Glassdoor est.),4.7,CentralReach,201 to 500,2012,Company - Private,Information Technology,Unknown / Non-Applicable,0,0,41,72,56.5, NJ,8,0,0,0,0,1
107,Senior Data Analyst,$39K-$71K (Glassdoor est.),4.3,Integrate,201 to 500,2010,Company - Private,Information Technology,$25 to $50 million (USD),0,0,39,71,55.0, AZ,10,0,0,0,0,1
108,Research Scientist,$38K-$85K (Glassdoor est.),2.9,Boys Town Hospital,1001 to 5000,1977,Hospital,Health Care,Unknown / Non-Applicable,0,0,38,85,61.5, NE,43,0,0,0,0,1
109,Data Scientist,$121K-$193K (Glassdoor est.),4.5,Demandbase,201 to 500,2006,Company - Private,Information Technology,$100 to $500 million (USD),0,0,121,193,157.0, CA,14,0,0,1,1,0
110,Data Engineer,$54K-$102K (Glassdoor est.),3.4,Sapphire Digital,201 to 500,2019,Company - Private,Information Technology,Unknown / Non-Applicable,0,0,54,102,78.0, NJ,1,1,0,0,0,0
113,Data Scientist,$102K-$163K (Glassdoor est.),3.2,Formation,51 to 200,2015,Company - Private,Information Technology,Unknown / Non-Applicable,0,0,102,163,132.5, CA,5,0,0,1,0,1
114,Data Engineer,$76K-$140K (Glassdoor est.),4.0,Autodesk,5001 to 10000,1982,Company - Public,Information Technology,$2 to $5 billion (USD),0,0,76,140,108.0, CA,38,1,0,1,0,0
115,Other Data related Job,$60K-$101K (Glassdoor est.),4.6,Beck's Hybrids,501 to 1000,1937,Company - Private,Other,$50 to $100 million (USD),0,0,60,101,80.5, IN,83,0,0,0,0,0
116,Data Scientist,$82K-$133K (Glassdoor est.),2.8,DrFirst,201 to 500,2000,Company - Private,Health Care,Unknown / Non-Applicable,0,0,82,133,107.5, MD,20,1,0,0,0,0
117,Data Engineer,$65K-$125K (Glassdoor est.),4.7,Object Partners,51 to 200,1996,Company - Private,Business Services,$25 to $50 million (USD),0,0,65,125,95.0, MN,24,0,0,1,1,0
118,Other Data related Job,$91K-$148K (Glassdoor est.),3.0,L.A. Care Health Plan,1001 to 5000,1997,Nonprofit Organization,Health Care,Unknown / Non-Applicable,0,0,91,148,119.5, CA,23,1,0,1,0,0
119,Senior Data Engineer,$95K-$173K (Glassdoor est.),3.2,Red Ventures,1001 to 5000,2000,Company - Private,Business Services,$1 to $2 billion (USD),0,0,95,173,134.0, NC,20,0,0,1,1,0
120,Data Scientist,$77K-$124K (Glassdoor est.),4.4,Quick Base,201 to 500,1999,Company - Private,Information Technology,Unknown / Non-Applicable,0,0,77,124,100.5, MA,21,1,0,0,0,1
121,Data Scientist,$80K-$135K (Glassdoor est.),3.5,The E.W. Scripps Company,1001 to 5000,1878,Company - Public,Media,$500 million to $1 billion (USD),0,0,80,135,107.5, OH,142,1,0,0,0,0
122,Data Engineer,$85K-$159K (Glassdoor est.),4.0,Upside Business Travel,51 to 200,2015,Company - Private,Information Technology,Unknown / Non-Applicable,0,0,85,159,122.0, DC,5,1,0,1,1,0
123,Data Engineer,$80K-$105K(Employer est.),4.3,Equity Residential,1001 to 5000,1993,Company - Public,Real Estate,$2 to $5 billion (USD),0,0,80,105,92.5, IL,27,1,0,1,0,1
124,Data Analyst,$43K-$81K (Glassdoor est.),2.3,Synagro,501 to 1000,1986,Company - Private,Business Services,$100 to $500 million (USD),0,0,43,81,62.0, MD,34,0,0,0,0,1
126,Data Scientist,$82K-$133K (Glassdoor est.),3.6,Accuride International,1001 to 5000,1966,Company - Private,Manufacturing,$100 to $500 million (USD),0,0,82,133,107.5,CA,54,0,0,0,0,1
127,Other Data related Job,$26K-$55K (Glassdoor est.),3.8,Full Potential Solutions,501 to 1000,2017,Company - Private,Business Services,Unknown / Non-Applicable,0,0,26,55,40.5, MO,3,1,0,0,1,1
128,Other Data related Job,$61K-$118K (Glassdoor est.),3.7,Visa Inc.,10000+,1958,Company - Public,Information Technology,$10+ billion (USD),0,0,61,118,89.5, VA,62,1,0,1,0,0
129,Data Scientist,$60K-$102K (Glassdoor est.),4.4,Maven Wave Partners,201 to 500,2008,Company - Private,Business Services,$50 to $100 million (USD),0,0,60,102,81.0, IL,12,1,0,0,1,1
130,Senior Data Scientist,$112K-$182K (Glassdoor est.),4.0,Novetta,501 to 1000,2012,Company - Private,Information Technology,$100 to $500 million (USD),0,0,112,182,147.0, VA,8,1,0,0,1,0
131,Data Scientist,$64K-$106K (Glassdoor est.),3.2,"First Command Financial Services, Inc.",1001 to 5000,1958,Company - Private,Finance,$100 to $500 million (USD),0,0,64,106,85.0, TX,62,1,0,0,0,1
132,Other Data related Job,$51K-$112K (Glassdoor est.),2.9,Pharmavite,1001 to 5000,1971,Company - Private,Manufacturing,$1 to $2 billion (USD),0,0,51,112,81.5, CA,49,0,0,0,0,1
133,Other Data related Job,$113K-$223K (Glassdoor est.),3.8,BioMarin Pharmaceutical,1001 to 5000,1997,Company - Public,Biotech & Pharmaceuticals,$500 million to $1 billion (USD),0,0,113,223,168.0, CA,23,0,0,0,0,1
134,Machine Learning Engineer,$72K-$129K (Glassdoor est.),4.3,Stratagem Group,1 to 50,2007,Company - Private,Aerospace & Defense,Unknown / Non-Applicable,0,0,72,129,100.5, CO,13,1,0,1,1,1
135,Other Data related Job,$71K-$123K (Glassdoor est.),3.4,PA Consulting,1001 to 5000,1943,Company - Private,Business Services,$100 to $500 million (USD),0,0,71,123,97.0, NY,77,1,0,1,0,1
138,Data Engineer,Employer Provided Salary:$120K-$145K,5.0,Gridiron IT,51 to 200,2017,Company - Private,Information Technology,Unknown / Non-Applicable,0,1,120,145,132.5, FL,3,0,0,0,0,0
139,Data Engineer,$80K-$120K (Glassdoor est.),4.3,Productive Edge,51 to 200,2008,Company - Private,Information Technology,$10 to $25 million (USD),0,0,80,120,100.0, IL,12,0,0,1,0,1
140,Other Data related Job,$80K-$130K (Glassdoor est.),3.7,Evolve Vacation Rental,201 to 500,2011,Company - Private,Travel & Tourism,Unknown / Non-Applicable,0,0,80,130,105.0, CO,9,1,0,0,0,0
141,Other Data related Job,$59K-$115K (Glassdoor est.),4.2,The Church of Jesus Christ of Latter-day Saints,10000+,-1,Nonprofit Organization,Non-Profit,Unknown / Non-Applicable,0,0,59,115,87.0, UT,-1,0,0,0,1,1
142,Other Data related Job,$71K-$136K (Glassdoor est.),4.3,Maximus Real Estate Partners,51 to 200,2013,Company - Private,Real Estate,Unknown / Non-Applicable,0,0,71,136,103.5, CA,7,0,0,0,0,1
143,Other Data related Job,$81K-$167K (Glassdoor est.),2.6,Software Engineering Institute,501 to 1000,1984,College / University,Education,Unknown / Non-Applicable,0,0,81,167,124.0, PA,36,1,0,0,0,1
144,Other Data related Job,$49K-$85K (Glassdoor est.),3.8,PNNL,1001 to 5000,1965,Government,"Oil, Gas, Energy & Utilities",$500 million to $1 billion (USD),0,0,49,85,67.0, WA,55,1,0,0,0,0
145,Data Engineer,$60K-$114K (Glassdoor est.),3.9,AVANADE,10000+,2000,Company - Private,Information Technology,$2 to $5 billion (USD),0,0,60,114,87.0, DC,20,0,0,0,0,0
146,Other Data related Job,$71K-$204K (Glassdoor est.),4.3,h2o.ai,201 to 500,2011,Company - Private,Information Technology,Unknown / Non-Applicable,0,0,71,204,137.5, IL,9,1,0,1,1,1
147,Lead Data Scientist,$75K-$125K (Glassdoor est.),3.8,PatientPoint,201 to 500,1987,Company - Private,Business Services,$100 to $500 million (USD),0,0,75,125,100.0, OH,33,1,0,0,0,1
148,Other Data related Job,$77K-$136K (Glassdoor est.),3.8,BlueCross BlueShield of Tennessee,5001 to 10000,1945,Nonprofit Organization,Insurance,$5 to $10 billion (USD),0,0,77,136,106.5, TN,75,0,0,0,0,1
149,Other Data related Job,$74K-$123K (Glassdoor est.),3.8,PNNL,1001 to 5000,1965,Government,"Oil, Gas, Energy & Utilities",$500 million to $1 billion (USD),0,0,74,123,98.5, WA,55,0,0,0,0,0
150,Senior Data Analyst,$44K-$78K (Glassdoor est.),4.8,KnowBe4,501 to 1000,2010,Company - Private,Business Services,$100 to $500 million (USD),0,0,44,78,61.0, FL,10,1,0,0,0,1
151,Other Data related Job,$65K-$148K (Glassdoor est.),4.4,KSM Consulting,51 to 200,2008,Company - Private,Business Services,Unknown / Non-Applicable,0,0,65,148,106.5, IN,12,1,0,1,1,0
152,Data Engineer,$59K-$110K (Glassdoor est.),3.9,Cogo Labs,51 to 200,2005,Company - Private,Information Technology,Unknown / Non-Applicable,0,0,59,110,84.5, MA,15,1,0,1,0,0
153,Other Data related Job,$85K-$134K (Glassdoor est.),3.4,Church & Dwight,1001 to 5000,1846,Company - Public,Manufacturing,$2 to $5 billion (USD),0,0,85,134,109.5, NJ,174,1,0,0,0,1
154,Lead Data Scientist,$124K-$204K (Glassdoor est.),3.6,MassMutual,5001 to 10000,1851,Company - Private,Insurance,$10+ billion (USD),0,0,124,204,164.0, MA,169,1,0,1,1,0
155,Other Data related Job,$131K-$207K (Glassdoor est.),3.9,Genentech,10000+,1976,Subsidiary or Business Segment,Biotech & Pharmaceuticals,$10+ billion (USD),0,0,131,207,169.0, CA,44,1,0,1,0,1
156,Senior Data Scientist,$110K-$174K (Glassdoor est.),3.8,Juniper Networks,5001 to 10000,1996,Company - Public,Other,$2 to $5 billion (USD),0,0,110,174,142.0, CA,24,1,0,1,1,1
157,Other Data related Job,$52K-$101K (Glassdoor est.),3.7,Takeda Pharmaceuticals,10000+,1781,Company - Public,Biotech & Pharmaceuticals,$10+ billion (USD),0,0,52,101,76.5, MA,239,0,0,0,0,1
158,Other Data related Job,$81K-$133K (Glassdoor est.),3.8,Legal & General America,501 to 1000,1981,Company - Private,Insurance,$500 million to $1 billion (USD),0,0,81,133,107.0, MD,39,1,0,0,0,1
159,Other Data related Job,$132K-$211K (Glassdoor est.),3.5,Western Digital,10000+,1970,Company - Public,Information Technology,$10+ billion (USD),0,0,132,211,171.5, CA,50,1,0,0,1,0
162,Other Data related Job,$74K-$140K (Glassdoor est.),4.2,The Church of Jesus Christ of Latter-day Saints,10000+,-1,Nonprofit Organization,Non-Profit,Unknown / Non-Applicable,0,0,74,140,107.0, UT,-1,0,0,0,0,1
163,Other Data related Job,$100K-$190K (Glassdoor est.),3.5,Sunovion,1001 to 5000,2010,Company - Private,Biotech & Pharmaceuticals,$1 to $2 billion (USD),0,0,100,190,145.0, MA,10,1,0,0,0,1
164,Senior Data Analyst,$43K-$80K (Glassdoor est.),2.9,National Student Clearinghouse,201 to 500,1993,Nonprofit Organization,Education,$25 to $50 million (USD),0,0,43,80,61.5, VA,27,1,0,0,0,1
165,Other Data related Job,$17-$24 Per Hour(Glassdoor est.),3.6,Tower Health,5001 to 10000,2017,Nonprofit Organization,Health Care,Unknown / Non-Applicable,1,0,17,24,20.5, PA,3,0,0,0,0,0
166,Other Data related Job,$91K-$149K (Glassdoor est.),2.7,State of Wisconsin Investment Board,51 to 200,1951,Government,Finance,$50 to $100 million (USD),0,0,91,149,120.0, WI,69,1,0,0,0,0
167,Other Data related Job,$42K-$82K (Glassdoor est.),4.4,Rubius Therapeutics,201 to 500,2013,Company - Public,Biotech & Pharmaceuticals,$100 to $500 million (USD),0,0,42,82,62.0, MA,7,0,0,0,0,0
168,Senior Data Scientist,$116K-$185K (Glassdoor est.),4.0,Autodesk,5001 to 10000,1982,Company - Public,Information Technology,$2 to $5 billion (USD),0,0,116,185,150.5, CA,38,1,0,1,0,0
169,Other Data related Job,$59K-$116K (Glassdoor est.),4.3,OneMagnify,201 to 500,1967,Company - Private,Business Services,Unknown / Non-Applicable,0,0,59,116,87.5, MI,53,0,0,0,0,1
170,Data Engineer,$48K-$95K (Glassdoor est.),4.2,IZEA,51 to 200,2006,Company - Public,Business Services,$25 to $50 million (USD),0,0,48,95,71.5, FL,14,1,0,1,1,1
171,Other Data related Job,$31K-$72K (Glassdoor est.),3.6,Vionic Group,51 to 200,2006,Subsidiary or Business Segment,Retail,$100 to $500 million (USD),0,0,31,72,51.5, CA,14,0,0,0,0,1
172,Other Data related Job,$105K-$198K (Glassdoor est.),3.7,Takeda Pharmaceuticals,10000+,1781,Company - Public,Biotech & Pharmaceuticals,$10+ billion (USD),0,0,105,198,151.5, CA,239,0,0,0,0,1
173,Senior Data Analyst,$55K-$100K (Glassdoor est.),2.8,Dodge Data & Analytics,201 to 500,2014,Company - Private,Information Technology,Unknown / Non-Applicable,0,0,55,100,77.5, NJ,6,1,0,0,0,1
174,Other Data related Job,$98K-$182K (Glassdoor est.),3.7,Takeda Pharmaceuticals,10000+,1781,Company - Public,Biotech & Pharmaceuticals,$10+ billion (USD),0,0,98,182,140.0, MA,239,0,0,0,0,1
175,Senior Data Scientist,$73K-$124K (Glassdoor est.),3.3,Plymouth Rock Assurance,1001 to 5000,1982,Company - Private,Insurance,$10 to $25 million (USD),0,0,73,124,98.5, NJ,38,0,0,0,0,1
176,Other Data related Job,Employer Provided Salary:$200K-$250K,-1.0,CA-One Tech Cloud,51 to 200,2017,Company - Private,Information Technology,$5 to $10 million (USD),0,1,200,250,225.0, CA,3,1,0,0,1,1
177,Other Data related Job,$21-$34 Per Hour(Glassdoor est.),3.6,Beebe Healthcare,1001 to 5000,1935,Nonprofit Organization,Health Care,$100 to $500 million (USD),1,0,21,34,27.5, DE,85,0,0,0,0,0
178,Other Data related Job,$117K-$206K (Glassdoor est.),3.7,Takeda Pharmaceuticals,10000+,1781,Company - Public,Biotech & Pharmaceuticals,$10+ billion (USD),0,0,117,206,161.5, MA,239,0,0,0,0,0
179,Other Data related Job,$111K-$183K (Glassdoor est.),3.4,Argo Group US,1001 to 5000,1948,Company - Public,Insurance,$1 to $2 billion (USD),0,0,111,183,147.0, NY,72,1,0,1,1,0
180,Other Data related Job,$44K-$78K (Glassdoor est.),4.1,Associated Electric Cooperative,501 to 1000,1961,Company - Private,"Oil, Gas, Energy & Utilities",$1 to $2 billion (USD),0,0,44,78,61.0, MO,59,0,0,0,0,1
181,Other Data related Job,$81K-$159K (Glassdoor est.),2.6,Software Engineering Institute,501 to 1000,1984,College / University,Education,Unknown / Non-Applicable,0,0,81,159,120.0, PA,36,1,0,0,0,0
182,Other Data related Job,$83K-$166K (Glassdoor est.),3.2,PennyMac,1001 to 5000,2008,Company - Public,Finance,$500 million to $1 billion (USD),0,0,83,166,124.5, AZ,12,1,0,0,0,1
183,Senior Data Scientist,$114K-$182K (Glassdoor est.),3.9,Zest AI,51 to 200,2009,Company - Private,Finance,$50 to $100 million (USD),0,0,114,182,148.0, CA,11,1,0,0,0,0
184,Other Data related Job,$42K-$76K (Glassdoor est.),4.7,DECISIVE ANALYTICS Corporation,51 to 200,1996,Company - Private,Aerospace & Defense,$25 to $50 million (USD),0,0,42,76,59.0, AL,24,1,0,0,0,1
185,Other Data related Job,$114K-$179K (Glassdoor est.),3.7,The Hanover Insurance Group,5001 to 10000,1852,Company - Public,Insurance,$5 to $10 billion (USD),0,0,114,179,146.5, MA,168,1,0,0,0,1
186,Other Data related Job,$60K-$123K (Glassdoor est.),2.9,Karyopharm Therapeutics Inc.,201 to 500,-1,Company - Public,Biotech & Pharmaceuticals,Unknown / Non-Applicable,0,0,60,123,91.5, MA,-1,0,0,0,0,1
187,Other Data related Job,$100K-$166K (Glassdoor est.),3.0,Tempus Labs,501 to 1000,2015,Company - Private,Biotech & Pharmaceuticals,Unknown / Non-Applicable,0,0,100,166,133.0, IL,5,1,0,0,1,0
188,Other Data related Job,$108K-$173K (Glassdoor est.),4.7,Recursion Pharmaceuticals,51 to 200,2013,Company - Private,Biotech & Pharmaceuticals,$1 to $5 million (USD),0,0,108,173,140.5, UT,7,1,0,0,1,0
189,Data Engineer,$48K-$93K (Glassdoor est.),3.7,P2 Energy Solutions,501 to 1000,-1,Company - Private,Information Technology,Unknown / Non-Applicable,0,0,48,93,70.5, LA,-1,0,0,0,0,1
190,Other Data related Job,$54K-$115K (Glassdoor est.),3.3,Rochester Regional Health,10000+,2014,Hospital,Health Care,$500 million to $1 billion (USD),0,0,54,115,84.5, NY,6,0,0,0,0,0
191,Other Data related Job,$60K-$127K (Glassdoor est.),4.0,ClearEdge,51 to 200,2002,Company - Private,Information Technology,$5 to $10 million (USD),0,0,60,127,93.5, MD,18,0,0,0,0,1
192,Other Data related Job,$90K-$179K (Glassdoor est.),4.4,Rubius Therapeutics,201 to 500,2013,Company - Public,Biotech & Pharmaceuticals,$100 to $500 million (USD),0,0,90,179,134.5, MA,7,0,0,0,0,0
193,Other Data related Job,$138K-$224K (Glassdoor est.),3.9,Tapjoy,201 to 500,2007,Company - Private,Information Technology,$10 to $25 million (USD),0,0,138,224,181.0, CA,13,1,0,1,0,0
194,Other Data related Job,$54K-$115K (Glassdoor est.),3.3,Rochester Regional Health,10000+,2014,Hospital,Health Care,$500 million to $1 billion (USD),0,0,54,115,84.5, NY,6,0,0,0,0,0
195,Other Data related Job,$190K-$220K(Employer est.),4.1,Credit Sesame,51 to 200,2010,Company - Private,Information Technology,$50 to $100 million (USD),0,0,190,220,205.0, CA,10,1,0,1,1,0
196,Marketing Data Analyst,$35K-$62K (Glassdoor est.),3.6,San Manuel Casino,1001 to 5000,1986,Company - Private,Other,$100 to $500 million (USD),0,0,35,62,48.5, CA,34,0,0,0,0,1
197,Other Data related Job,$18-$25 Per Hour(Glassdoor est.),4.0,Texas Health Huguley Hospital,1001 to 5000,1977,Hospital,Health Care,$50 to $100 million (USD),1,0,18,25,21.5, TX,43,0,0,0,1,0
198,Other Data related Job,$39K-$66K (Glassdoor est.),2.4,Teasdale Latin Foods,501 to 1000,-1,Company - Private,Manufacturing,$100 to $500 million (USD),0,0,39,66,52.5, IL,-1,0,0,0,0,0
199,Other Data related Job,$81K-$167K (Glassdoor est.),2.6,Software Engineering Institute,501 to 1000,1984,College / University,Education,Unknown / Non-Applicable,0,0,81,167,124.0, PA,36,0,0,0,0,0
200,Other Data related Job,$42K-$86K (Glassdoor est.),3.5,Central California Alliance for Health,501 to 1000,1996,Nonprofit Organization,Health Care,$500 million to $1 billion (USD),0,0,42,86,64.0, CA,24,0,0,0,0,0
201,Other Data related Job,$69K-$127K (Glassdoor est.),3.0,Pilot Flying J Travel Centers LLC,10000+,1958,Company - Private,Retail,$10+ billion (USD),0,0,69,127,98.0, TN,62,1,0,0,0,0
202,Other Data related Job,$21-$34 Per Hour(Glassdoor est.),3.6,Beebe Healthcare,1001 to 5000,1935,Nonprofit Organization,Health Care,$100 to $500 million (USD),1,0,21,34,27.5, DE,85,0,0,0,0,0
203,Other Data related Job,$40K-$68K (Glassdoor est.),3.3,Palermo's Pizza,501 to 1000,1964,Company - Private,Manufacturing,Unknown / Non-Applicable,0,0,40,68,54.0, WI,56,0,0,0,0,0
204,Other Data related Job,$49K-$113K (Glassdoor est.),2.7,Advanced BioScience Laboratories,201 to 500,1961,Company - Private,Biotech & Pharmaceuticals,$25 to $50 million (USD),0,0,49,113,81.0, MD,59,0,0,0,0,1
205,Sr. Data Engineer,$75K-$140K (Glassdoor est.),3.4,Echo Global Logistics,1001 to 5000,2005,Company - Public,Other,$2 to $5 billion (USD),0,0,75,140,107.5, IL,15,0,0,0,0,0
207,Data Scientist,$66K-$112K (Glassdoor est.),3.7,Lockheed Martin,10000+,1995,Company - Public,Aerospace & Defense,$10+ billion (USD),0,0,66,112,89.0, VA,25,1,0,1,0,1
208,Other Data related Job,$76K-$125K (Glassdoor est.),4.8,Acuity Insurance,1001 to 5000,1925,Company - Private,Insurance,$1 to $2 billion (USD),0,0,76,125,100.5, WI,95,0,0,0,0,0
209,Other Data related Job,$44K-$86K (Glassdoor est.),3.8,Fareportal,1001 to 5000,2002,Company - Private,Travel & Tourism,$2 to $5 billion (USD),0,0,44,86,65.0, NY,18,0,0,0,0,1
210,Other Data related Job,$15-$25 Per Hour(Glassdoor est.),3.4,"Veterans Affairs, Veterans Health Administration",10000+,1930,Government,Government,Unknown / Non-Applicable,1,0,15,25,20.0, LA,90,0,0,0,0,0
211,Data Scientist,$53K-$92K (Glassdoor est.),4.3,Credera,201 to 500,1999,Subsidiary or Business Segment,Business Services,Unknown / Non-Applicable,0,0,53,92,72.5, TX,21,1,0,1,1,1
215,Data Scientist,$64K-$111K (Glassdoor est.),3.4,Spectrum Communications and Consulting,51 to 200,1992,Company - Private,Business Services,$10 to $25 million (USD),0,0,64,111,87.5, IL,28,0,0,0,0,0
216,Data Analyst,$65K-$120K (Glassdoor est.),3.1,NCSOFT,1001 to 5000,1997,Company - Public,Media,$10+ billion (USD),0,0,65,120,92.5, CA,23,1,1,0,0,1
217,Other Data related Job,$60K-$103K (Glassdoor est.),3.2,MITRE,5001 to 10000,1958,Nonprofit Organization,Government,$1 to $2 billion (USD),0,0,60,103,81.5, VA,62,1,0,1,0,0
218,Other Data related Job,$53K-$105K (Glassdoor est.),4.3,"Dayton Freight Lines, Inc.",1001 to 5000,1981,Company - Private,Other,Unknown / Non-Applicable,0,0,53,105,79.0, OH,39,0,0,0,0,0
222,Data Analyst,$33K-$62K (Glassdoor est.),2.8,Community Action Partnership of San Luis Obispo,501 to 1000,-1,Nonprofit Organization,Non-Profit,$50 to $100 million (USD),0,0,33,62,47.5, CA,-1,0,0,0,0,1
224,Data Analyst,$48K-$90K (Glassdoor est.),3.4,TrueAccord,51 to 200,2013,Company - Private,Information Technology,Unknown / Non-Applicable,0,0,48,90,69.0, CA,7,1,0,0,0,1
225,Data Analyst,$34K-$64K (Glassdoor est.),4.0,DRB Systems,201 to 500,1984,Company - Private,Information Technology,$50 to $100 million (USD),0,0,34,64,49.0, ID,36,1,1,0,0,1
228,Other Data related Job,$42K-$76K (Glassdoor est.),3.7,Corcentric,201 to 500,1996,Company - Private,Information Technology,Unknown / Non-Applicable,0,0,42,76,59.0, NJ,24,0,0,0,0,1
229,Data Scientist,$66K-$111K (Glassdoor est.),3.5,U.Group,201 to 500,2019,Company - Private,Information Technology,$25 to $50 million (USD),0,0,66,111,88.5, IN,1,0,0,0,1,0
233,Other Data related Job,$91K-$138K (Glassdoor est.),4.7,Systems Evolution Inc.,201 to 500,1992,Company - Private,Business Services,$50 to $100 million (USD),0,0,91,138,114.5, NY,28,1,0,0,0,1
235,Data Engineer,$62K-$114K (Glassdoor est.),4.4,Eventbrite,1001 to 5000,2006,Company - Public,Information Technology,$100 to $500 million (USD),0,0,62,114,88.0, TN,14,1,0,1,1,1
236,Other Data related Job,$71K-$129K (Glassdoor est.),4.1,Centro,501 to 1000,2001,Company - Private,Information Technology,$100 to $500 million (USD),0,0,71,129,100.0, IL,19,1,0,1,1,0
238,Data Scientist,$74K-$119K (Glassdoor est.),2.5,comScore,1001 to 5000,1999,Company - Public,Business Services,$1 to $2 billion (USD),0,0,74,119,96.5, OR,21,1,0,1,0,0
239,Other Data related Job,$55K-$97K (Glassdoor est.),4.2,SullivanCotter,201 to 500,1992,Company - Private,Business Services,Unknown / Non-Applicable,0,0,55,97,76.0, MN,28,1,0,0,0,1
240,Data Scientist,$15K-$16K(Employer est.),3.9,NPD,1001 to 5000,1966,Company - Private,Business Services,$100 to $500 million (USD),0,0,15,16,15.5, NY,54,0,0,0,0,1
241,Data Scientist,$61K-$106K (Glassdoor est.),4.3,Bakery Agency,1 to 50,2010,Company - Private,Business Services,Unknown / Non-Applicable,0,0,61,106,83.5, TX,10,1,0,0,0,1
243,Data Scientist,$127K-$199K (Glassdoor est.),3.9,Genentech,10000+,1976,Subsidiary or Business Segment,Biotech & Pharmaceuticals,$10+ billion (USD),0,0,127,199,163.0, CA,44,0,0,0,0,1
244,Other Data related Job,$74K-$126K (Glassdoor est.),3.4,Blue Cross & Blue Shield of Rhode Island,501 to 1000,1939,Nonprofit Organization,Insurance,Unknown / Non-Applicable,0,0,74,126,100.0, RI,81,0,0,0,1,0
245,Research Scientist,$33K-$72K (Glassdoor est.),3.8,Boys Town,1001 to 5000,1917,Nonprofit Organization,Non-Profit,Unknown / Non-Applicable,0,0,33,72,52.5, NE,103,0,0,0,0,1
247,Other Data related Job,$37K-$63K (Glassdoor est.),3.3,The HSC Health Care System,501 to 1000,1883,Nonprofit Organization,Health Care,Unknown / Non-Applicable,0,0,37,63,50.0, DC,137,0,0,0,0,1
248,Other Data related Job,$67K-$119K (Glassdoor est.),3.4,Pro-Sphere Tek,201 to 500,2006,Company - Private,Business Services,$50 to $100 million (USD),0,0,67,119,93.0, TX,14,1,0,0,1,0
249,Data Scientist,$72K-$117K (Glassdoor est.),3.0,Ameritas Life Insurance Corp,1001 to 5000,1887,Company - Private,Insurance,$2 to $5 billion (USD),0,0,72,117,94.5, OH,133,1,0,0,0,0
251,Data Scientist,$78K-$126K (Glassdoor est.),3.7,Genworth,1001 to 5000,2004,Company - Public,Insurance,$5 to $10 billion (USD),0,0,78,126,102.0, NC,16,1,0,1,1,1
256,Other Data related Job,$116K-$194K (Glassdoor est.),3.2,"Numeric, LLC",1 to 50,-1,Company - Private,Business Services,$5 to $10 million (USD),0,0,116,194,155.0, PA,-1,1,0,1,1,1
258,Data Scientist,$83K-$133K (Glassdoor est.),3.9,Trace Data,51 to 200,2000,Company - Private,Insurance,$10 to $25 million (USD),0,0,83,133,108.0, CA,20,1,0,1,0,0
263,Other Data related Job,$45K-$82K (Glassdoor est.),4.2,Clearwater Analytics,501 to 1000,2004,Company - Private,Finance,$50 to $100 million (USD),0,0,45,82,63.5, ID,16,0,0,0,0,1
264,Data Scientist,$83K-$135K (Glassdoor est.),4.0,"Tekvalley, Corp.",1 to 50,-1,Company - Private,Information Technology,Less than $1 million (USD),0,0,83,135,109.0, CA,-1,1,0,0,0,0
265,Data Scientist,$70K-$122K (Glassdoor est.),3.5,BWX Technologies,5001 to 10000,1850,Company - Public,Aerospace & Defense,$500 million to $1 billion (USD),0,0,70,122,96.0, TN,170,1,0,0,0,0
267,Data Engineer,$70K-$132K (Glassdoor est.),3.2,PennyMac,1001 to 5000,2008,Company - Public,Finance,$500 million to $1 billion (USD),0,0,70,132,101.0, CA,12,1,0,0,1,1
269,Other Data related Job,$54K-$101K (Glassdoor est.),3.9,Vermeer,1001 to 5000,1948,Company - Private,Manufacturing,$1 to $2 billion (USD),0,0,54,101,77.5, IA,72,0,0,0,0,1
273,Data Scientist,$68K-$112K (Glassdoor est.),3.5,L&T Infotech,10000+,1997,Company - Public,Information Technology,Unknown / Non-Applicable,0,0,68,112,90.0, CA,23,1,0,0,0,1
274,Information Security Data Analyst,$42K-$74K (Glassdoor est.),4.3,OceanFirst Financial,501 to 1000,1902,Company - Public,Finance,$5 to $10 billion (USD),0,0,42,74,58.0, NJ,118,0,0,0,1,0
277,Data Scientist,$95K-$161K (Glassdoor est.),3.6,Sotheby's,1001 to 5000,1744,Company - Public,Retail,$500 million to $1 billion (USD),0,0,95,161,128.0, NY,276,1,0,0,0,0
280,Data Scientist,$76K-$126K (Glassdoor est.),2.3,Vanda Pharmaceuticals,201 to 500,2003,Company - Public,Biotech & Pharmaceuticals,$100 to $500 million (USD),0,0,76,126,101.0, DC,17,1,0,0,0,1
282,Other Data related Job,$108K-$176K (Glassdoor est.),4.0,Novetta,501 to 1000,2012,Company - Private,Information Technology,$100 to $500 million (USD),0,0,108,176,142.0, VA,8,1,0,0,1,0
283,Senior Data Scientist,$130K-$208K (Glassdoor est.),4.1,CK-12 Foundation,1 to 50,2007,Company - Private,Education,Unknown / Non-Applicable,0,0,130,208,169.0, CA,13,0,0,0,1,1
286,Other Data related Job,$37K-$68K (Glassdoor est.),4.2,Opinion Dynamics,51 to 200,1987,Company - Private,Business Services,$10 to $25 million (USD),0,0,37,68,52.5, CA,33,1,0,0,0,0
287,Data Engineer,$52K-$99K (Glassdoor est.),4.6,Applied Information Sciences,501 to 1000,1982,Company - Private,Information Technology,$50 to $100 million (USD),0,0,52,99,75.5, TX,38,0,0,1,0,0
288,Senior Data Scientist,$105K-$173K (Glassdoor est.),3.7,Swiss Re,10000+,1863,Company - Public,Insurance,$10+ billion (USD),0,0,105,173,139.0, NY,157,1,0,0,0,1
289,Other Data related Job,$71K-$134K (Glassdoor est.),3.7,Takeda Pharmaceuticals,10000+,1781,Company - Public,Biotech & Pharmaceuticals,$10+ billion (USD),0,0,71,134,102.5, MA,239,1,0,1,1,1
290,Other Data related Job,$39K-$82K (Glassdoor est.),4.4,WK Dickson,201 to 500,1929,Company - Private,Business Services,$25 to $50 million (USD),0,0,39,82,60.5, SC,91,0,0,0,0,0
292,Other Data related Job,$88K-$162K (Glassdoor est.),3.9,Genentech,10000+,1976,Subsidiary or Business Segment,Biotech & Pharmaceuticals,$10+ billion (USD),0,0,88,162,125.0, CA,44,0,0,0,0,1
293,Sr. Data Analyst,$60K-$102K (Glassdoor est.),3.6,MassMutual,5001 to 10000,1851,Company - Private,Insurance,$10+ billion (USD),0,0,60,102,81.0, MA,169,1,0,0,0,0
295,Other Data related Job,$55K-$99K (Glassdoor est.),3.4,General Dynamics Information Technology,10000+,1996,Subsidiary or Business Segment,Information Technology,$10+ billion (USD),0,0,55,99,77.0, DC,24,0,0,0,0,1
296,Data Engineer,$67K-$117K (Glassdoor est.),4.1,ManTech,5001 to 10000,1968,Company - Public,Business Services,$1 to $2 billion (USD),0,0,67,117,92.0, VA,52,0,0,0,0,0
297,Other Data related Job,$92K-$150K (Glassdoor est.),3.8,Novartis,10000+,1996,Company - Public,Biotech & Pharmaceuticals,$10+ billion (USD),0,0,92,150,121.0, MA,24,0,0,0,0,0
298,Other Data related Job,$116K-$209K (Glassdoor est.),4.0,Autodesk,5001 to 10000,1982,Company - Public,Information Technology,$2 to $5 billion (USD),0,0,116,209,162.5, CA,38,1,0,1,0,1
299,Other Data related Job,$38K-$82K (Glassdoor est.),3.9,Southwest Research Institute,1001 to 5000,1947,Nonprofit Organization,Business Services,$500 million to $1 billion (USD),0,0,38,82,60.0, TX,73,0,0,0,0,0
301,Big Data Engineer,$62K-$119K (Glassdoor est.),4.4,SpringML,1 to 50,2015,Company - Private,Information Technology,Unknown / Non-Applicable,0,0,62,119,90.5, IN,5,1,0,1,0,0
304,Senior Data Scientist,$84K-$136K (Glassdoor est.),2.2,The Integer Group,501 to 1000,1993,Subsidiary or Business Segment,Business Services,$50 to $100 million (USD),0,0,84,136,110.0, TX,27,0,0,0,0,0
306,Clinical Data Analyst,$52K-$89K (Glassdoor est.),4.1,ManTech,5001 to 10000,1968,Company - Public,Business Services,$1 to $2 billion (USD),0,0,52,89,70.5, VA,52,0,0,0,0,0
308,Other Data related Job,$56K-$97K (Glassdoor est.),3.8,PNNL,1001 to 5000,1965,Government,"Oil, Gas, Energy & Utilities",$500 million to $1 billion (USD),0,0,56,97,76.5, WA,55,1,0,0,0,0
309,Data Engineer,$65K-$119K (Glassdoor est.),3.6,MassMutual,5001 to 10000,1851,Company - Private,Insurance,$10+ billion (USD),0,0,65,119,92.0, MA,169,1,0,1,0,1
311,Other Data related Job,$63K-$101K (Glassdoor est.),3.5,Esri,1001 to 5000,1969,Company - Private,Information Technology,$1 to $2 billion (USD),0,0,63,101,82.0, VA,51,1,0,0,0,0
314,Data Scientist,$127K-$202K (Glassdoor est.),3.3,Samba TV,201 to 500,2008,Company - Private,Business Services,Unknown / Non-Applicable,0,0,127,202,164.5, CA,12,0,0,0,0,0
315,Other Data related Job,$31K-$57K (Glassdoor est.),3.4,SV Microwave,201 to 500,1991,Company - Public,Other,$50 to $100 million (USD),0,0,31,57,44.0, FL,29,0,0,0,0,0
317,Data Engineer,$75K-$143K (Glassdoor est.),4.4,SpringML,1 to 50,2015,Company - Private,Information Technology,Unknown / Non-Applicable,0,0,75,143,109.0, VA,5,1,0,1,0,0
318,Staff Data Engineer,$105K-$194K (Glassdoor est.),3.8,Sumo Logic,501 to 1000,2010,Company - Private,Information Technology,Unknown / Non-Applicable,0,0,105,194,149.5, TX,10,0,0,1,1,0
319,Other Data related Job,$45K-$86K (Glassdoor est.),3.5,EAB,1001 to 5000,2007,Company - Private,Business Services,Unknown / Non-Applicable,0,0,45,86,65.5, DC,13,0,0,1,1,1
320,Senior Data Scientist,$95K-$154K (Glassdoor est.),3.5,Brighthouse Financial,1001 to 5000,2017,Company - Public,Insurance,Unknown / Non-Applicable,0,0,95,154,124.5, NC,3,1,0,1,0,1
321,Other Data related Job,$80K-$148K (Glassdoor est.),2.9,Affinity Solutions,51 to 200,1998,Company - Private,Business Services,Unknown / Non-Applicable,0,0,80,148,114.0, CA,22,1,0,1,0,0
322,Marketing Data Analyst,$36K-$62K (Glassdoor est.),3.9,Citadel Federal Credit Union,501 to 1000,1937,Nonprofit Organization,Finance,Unknown / Non-Applicable,0,0,36,62,49.0, PA,83,1,0,0,0,0
324,Data Analyst,$50K-$92K (Glassdoor est.),3.7,CALIBRE Systems,501 to 1000,1989,Company - Private,Information Technology,$100 to $500 million (USD),0,0,50,92,71.0, VA,31,0,0,0,0,1
325,Other Data related Job,$67K-$135K (Glassdoor est.),3.6,MassMutual,5001 to 10000,1851,Company - Private,Insurance,$10+ billion (USD),0,0,67,135,101.0, MA,169,0,0,0,0,0
329,Information Security Data Analyst,$42K-$80K (Glassdoor est.),3.7,Motorola Solutions,10000+,1928,Company - Public,Information Technology,$5 to $10 billion (USD),0,0,42,80,61.0, IL,92,1,0,1,0,0
331,Other Data related Job,$68K-$139K (Glassdoor est.),3.1,Reynolds American,5001 to 10000,1875,Company - Private,Manufacturing,$10+ billion (USD),0,0,68,139,103.5, KY,145,0,0,0,0,0
332,Other Data related Job,$34K-$92K (Glassdoor est.),3.6,MassMutual,5001 to 10000,1851,Company - Private,Insurance,$10+ billion (USD),0,0,34,92,63.0, MA,169,0,0,0,0,1
333,Other Data related Job,$54K-$71K (Glassdoor est.),3.0,Infosys,10000+,1981,Company - Public,Information Technology,$10+ billion (USD),0,0,54,71,62.5, CT,39,0,0,0,0,1
334,Data Engineer,$65K-$124K (Glassdoor est.),3.5,Alignment Healthcare,501 to 1000,2013,Company - Private,Health Care,Unknown / Non-Applicable,0,0,65,124,94.5, CA,7,1,0,1,1,1
336,Other Data related Job,$109K-$200K (Glassdoor est.),3.5,Sunovion,1001 to 5000,2010,Company - Private,Biotech & Pharmaceuticals,$1 to $2 billion (USD),0,0,109,200,154.5, MA,10,1,0,0,0,1
338,Other Data related Job,$61K-$113K (Glassdoor est.),3.7,Cboe Global Markets,501 to 1000,1973,Company - Public,Finance,$500 million to $1 billion (USD),0,0,61,113,87.0, KS,47,1,0,0,0,1
340,Data Engineer,$43K-$86K (Glassdoor est.),3.2,Guidepoint,501 to 1000,2003,Company - Private,Business Services,Unknown / Non-Applicable,0,0,43,86,64.5, NY,17,1,0,0,1,1
341,Other Data related Job,$74K-$149K (Glassdoor est.),2.1,Cerus Corporation,201 to 500,-1,Company - Public,Biotech & Pharmaceuticals,$25 to $50 million (USD),0,0,74,149,111.5, CA,-1,0,0,0,0,1
342,Other Data related Job,$113K-$196K (Glassdoor est.),3.7,Takeda Pharmaceuticals,10000+,1781,Company - Public,Biotech & Pharmaceuticals,$10+ billion (USD),0,0,113,196,154.5, MA,239,0,0,1,1,1
344,Senior Data Scientist,$97K-$160K (Glassdoor est.),4.4,Maven Wave Partners,201 to 500,2008,Company - Private,Business Services,$50 to $100 million (USD),0,0,97,160,128.5, IL,12,1,0,0,1,1
345,Other Data related Job,$24-$39 Per Hour(Glassdoor est.),3.7,Vail Health,501 to 1000,1966,Hospital,Health Care,$100 to $500 million (USD),1,0,24,39,31.5, CO,54,0,0,0,0,0
349,Other Data related Job,$102K-$172K (Glassdoor est.),3.9,AstraZeneca,10000+,1913,Company - Public,Biotech & Pharmaceuticals,$10+ billion (USD),0,0,102,172,137.0, NY,107,1,0,0,0,0
350,Data Engineer,$74K-$124K (Glassdoor est.),4.0,Pinnacol Assurance,501 to 1000,1915,Nonprofit Organization,Insurance,$500 million to $1 billion (USD),0,0,74,124,99.0, CO,105,1,0,0,1,0
352,Senior Data Scientist,$108K-$171K (Glassdoor est.),4.4,MathWorks,1001 to 5000,1984,Company - Private,Information Technology,$1 to $2 billion (USD),0,0,108,171,139.5, MA,36,1,0,0,0,0
353,Data Engineer,$76K-$142K (Glassdoor est.),3.4,MetroStar Systems,201 to 500,1999,Company - Private,Information Technology,$25 to $50 million (USD),0,0,76,142,109.0, MD,21,0,0,0,1,0
354,Other Data related Job,$202K-$306K (Glassdoor est.),3.3,Liberty Mutual Insurance,10000+,1912,Company - Private,Insurance,$10+ billion (USD),0,0,202,306,254.0, IL,108,1,0,0,0,0
355,Other Data related Job,$49K-$97K (Glassdoor est.),2.9,Audentes Therapeutics,201 to 500,2012,Subsidiary or Business Segment,Biotech & Pharmaceuticals,Unknown / Non-Applicable,0,0,49,97,73.0, CA,8,0,0,0,0,0
358,Other Data related Job,$65K-$134K (Glassdoor est.),3.1,Reynolds American,5001 to 10000,1875,Company - Private,Manufacturing,$10+ billion (USD),0,0,65,134,99.5, NC,145,0,0,0,0,1
359,Other Data related Job,$32K-$59K (Glassdoor est.),3.3,National Interstate,501 to 1000,1989,Company - Private,Insurance,$500 million to $1 billion (USD),0,0,32,59,45.5, OH,31,0,0,0,0,0
360,Sr. Data Engineer,$87K-$158K (Glassdoor est.),4.5,Moser Consulting,51 to 200,1996,Company - Private,Business Services,$25 to $50 million (USD),0,0,87,158,122.5, IN,24,1,0,1,1,0
361,Other Data related Job,$107K-$173K (Glassdoor est.),3.9,TransUnion,5001 to 10000,1968,Company - Public,Finance,$1 to $2 billion (USD),0,0,107,173,140.0, IL,52,1,0,0,0,1
362,Other Data related Job,$56K-$99K (Glassdoor est.),3.2,MITRE,5001 to 10000,1958,Nonprofit Organization,Government,$1 to $2 billion (USD),0,0,56,99,77.5, VA,62,0,0,0,0,0
363,Other Data related Job,Employer Provided Salary:$25-$28 Per Hour,3.3,Mcphail Associates,1 to 50,1976,Company - Private,Other,Unknown / Non-Applicable,1,1,25,28,26.5, MA,44,0,0,0,0,1
364,Other Data related Job,$80K-$155K (Glassdoor est.),3.1,Reynolds American,5001 to 10000,1875,Company - Private,Manufacturing,$10+ billion (USD),0,0,80,155,117.5, NC,145,0,0,0,0,1
365,Other Data related Job,$43K-$98K (Glassdoor est.),2.4,Crown Bioscience,501 to 1000,2006,Company - Private,Biotech & Pharmaceuticals,$50 to $100 million (USD),0,0,43,98,70.5, CA,14,0,0,0,0,0
366,Other Data related Job,$45K-$78K (Glassdoor est.),4.8,HOVER,51 to 200,2011,Company - Private,Information Technology,$25 to $50 million (USD),0,0,45,78,61.5, CA,9,0,0,0,0,1
367,Other Data related Job,$44K-$96K (Glassdoor est.),2.9,Q2 Solutions,1001 to 5000,2015,Company - Private,Biotech & Pharmaceuticals,Unknown / Non-Applicable,0,0,44,96,70.0, NY,5,0,0,0,0,1
368,Other Data related Job,$50K-$110K (Glassdoor est.),2.9,Q2 Solutions,1001 to 5000,2015,Company - Private,Biotech & Pharmaceuticals,Unknown / Non-Applicable,0,0,50,110,80.0, GA,5,0,0,0,0,1
369,Other Data related Job,$61K-$119K (Glassdoor est.),3.4,Arbella Insurance,1001 to 5000,1988,Company - Private,Insurance,$100 to $500 million (USD),0,0,61,119,90.0, MA,32,0,0,1,0,1
371,Other Data related Job,$56K-$91K (Glassdoor est.),2.6,Software Engineering Institute,501 to 1000,1984,College / University,Education,Unknown / Non-Applicable,0,0,56,91,73.5, PA,36,0,0,0,0,1
374,Other Data related Job,$101K-$158K (Glassdoor est.),3.6,MassMutual,5001 to 10000,1851,Company - Private,Insurance,$10+ billion (USD),0,0,101,158,129.5, MA,169,1,0,1,1,1
375,Other Data related Job,$125K-$210K (Glassdoor est.),4.0,Pfizer,10000+,1849,Company - Public,Biotech & Pharmaceuticals,$10+ billion (USD),0,0,125,210,167.5, NY,171,0,0,0,1,1
376,Other Data related Job,$43K-$77K (Glassdoor est.),3.8,Associated Banc-Corp,1001 to 5000,1870,Company - Public,Finance,$1 to $2 billion (USD),0,0,43,77,60.0, WI,150,0,0,0,1,1
377,Lead Data Scientist,$139K-$221K (Glassdoor est.),3.9,Zest AI,51 to 200,2009,Company - Private,Finance,$50 to $100 million (USD),0,0,139,221,180.0, CA,11,1,0,0,0,1
378,Other Data related Job,$44K-$86K (Glassdoor est.),3.8,Fareportal,1001 to 5000,2002,Company - Private,Travel & Tourism,$2 to $5 billion (USD),0,0,44,86,65.0, NY,18,0,0,0,0,1
379,Senior Data Engineer,$78K-$147K (Glassdoor est.),4.3,Genesys,5001 to 10000,1990,Company - Private,Information Technology,$1 to $2 billion (USD),0,0,78,147,112.5, NC,30,1,0,1,1,0
380,Senior Data Analyst,$65K-$110K (Glassdoor est.),1.9,Moda Operandi,201 to 500,2010,Company - Private,Retail,$100 to $500 million (USD),0,0,65,110,87.5, NY,10,1,0,0,0,1
381,Other Data related Job,$37K-$66K (Glassdoor est.),3.3,Liberty Mutual Insurance,10000+,1912,Company - Private,Insurance,$10+ billion (USD),0,0,37,66,51.5, IN,108,1,0,0,0,1
382,Other Data related Job,$38K-$64K (Glassdoor est.),4.7,QK,51 to 200,1972,Company - Private,Business Services,$10 to $25 million (USD),0,0,38,64,51.0, CA,48,0,0,0,0,1
383,Other Data related Job,$43K-$82K (Glassdoor est.),3.1,Santander,10000+,1856,Company - Private,Finance,$10+ billion (USD),0,0,43,82,62.5, MA,164,1,0,0,0,1
384,Other Data related Job,$90K-$110K(Employer est.),3.4,Tivity Health,501 to 1000,1981,Company - Public,Health Care,Unknown / Non-Applicable,0,0,90,110,100.0, AZ,39,0,0,0,0,0
385,Data Engineer,$61K-$109K (Glassdoor est.),4.4,BRMi,51 to 200,2004,Company - Private,Information Technology,Unknown / Non-Applicable,0,0,61,109,85.0, VA,16,1,0,1,1,0
386,Other Data related Job,$93K-$151K (Glassdoor est.),3.9,Luminar Technologies,201 to 500,2012,Company - Private,Information Technology,Unknown / Non-Applicable,0,0,93,151,122.0, FL,8,1,0,0,1,0
387,Other Data related Job,$52K-$81K (Glassdoor est.),3.9,"Emtec, Inc.",501 to 1000,1995,Company - Private,Information Technology,$100 to $500 million (USD),0,0,52,81,66.5, IL,25,1,0,0,0,0
388,Other Data related Job,$40K-$101K (Glassdoor est.),4.7,Veterans United Home Loans,1001 to 5000,2002,Company - Private,Finance,Unknown / Non-Applicable,0,0,40,101,70.5, MO,18,0,0,1,0,1
389,Senior Data Engineer,$97K-$180K (Glassdoor est.),4.7,Praetorian,51 to 200,2010,Company - Private,Business Services,$10 to $25 million (USD),0,0,97,180,138.5, TX,10,1,0,1,0,0
390,Other Data related Job,$81K-$134K (Glassdoor est.),3.4,PA Consulting,1001 to 5000,1943,Company - Private,Business Services,$100 to $500 million (USD),0,0,81,134,107.5, MA,77,0,0,1,0,1
391,Other Data related Job,$84K-$157K (Glassdoor est.),3.8,Agios Pharmaceuticals,501 to 1000,2008,Company - Public,Biotech & Pharmaceuticals,$50 to $100 million (USD),0,0,84,157,120.5, MA,12,0,0,0,0,0
392,Other Data related Job,$49K-$113K (Glassdoor est.),2.7,Advanced BioScience Laboratories,201 to 500,1961,Company - Private,Biotech & Pharmaceuticals,$25 to $50 million (USD),0,0,49,113,81.0, MD,59,0,0,0,0,0
393,Other Data related Job,$68K-$139K (Glassdoor est.),3.1,Reynolds American,5001 to 10000,1875,Company - Private,Manufacturing,$10+ billion (USD),0,0,68,139,103.5, KY,145,0,0,0,0,0
395,Other Data related Job,$121K-$203K (Glassdoor est.),4.0,Glassdoor,1001 to 5000,2007,Company - Private,Information Technology,Unknown / Non-Applicable,0,0,121,203,162.0, CA,13,1,0,1,1,1
396,Other Data related Job,$52K-$85K (Glassdoor est.),3.5,Esri,1001 to 5000,1969,Company - Private,Information Technology,$1 to $2 billion (USD),0,0,52,85,68.5, CA,51,1,0,1,0,1
397,Other Data related Job,$81K-$140K (Glassdoor est.),3.4,Assurant,10000+,1978,Company - Public,Insurance,$5 to $10 billion (USD),0,0,81,140,110.5, OH,42,0,0,0,0,1
400,Other Data related Job,$83K-$148K (Glassdoor est.),3.7,F&G,201 to 500,-1,Subsidiary or Business Segment,Insurance,$100 to $500 million (USD),0,0,83,148,115.5, IA,-1,1,0,0,0,1
401,Other Data related Job,$60K-$101K (Glassdoor est.),3.8,PNNL,1001 to 5000,1965,Government,"Oil, Gas, Energy & Utilities",$500 million to $1 billion (USD),0,0,60,101,80.5, WA,55,0,0,0,0,0
402,Other Data related Job,$31K-$55K (Glassdoor est.),4.6,GreatAmerica Financial Services,501 to 1000,1992,Company - Private,Finance,$100 to $500 million (USD),0,0,31,55,43.0, IA,28,0,0,0,0,1
403,Other Data related Job,$102K-$178K (Glassdoor est.),4.4,Acceleron Pharma,201 to 500,2003,Company - Public,Biotech & Pharmaceuticals,Unknown / Non-Applicable,0,0,102,178,140.0, MA,17,0,0,0,0,1
405,Other Data related Job,$48K-$85K (Glassdoor est.),3.0,AmeriHealth Caritas,5001 to 10000,1983,Company - Private,Insurance,$5 to $10 billion (USD),0,0,48,85,66.5, PA,37,0,0,0,0,1
406,Other Data related Job,$66K-$123K (Glassdoor est.),4.7,Strategic Employment Partners,51 to 200,2006,Company - Private,Business Services,$1 to $5 million (USD),0,0,66,123,94.5, CA,14,1,0,0,1,0
407,Other Data related Job,$92K-$146K (Glassdoor est.),3.8,PNNL,1001 to 5000,1965,Government,"Oil, Gas, Energy & Utilities",$500 million to $1 billion (USD),0,0,92,146,119.0, WA,55,0,0,0,0,0
408,Other Data related Job,$21-$29 Per Hour(Glassdoor est.),3.2,Catholic Health Initiatives,10000+,1996,Nonprofit Organization,Health Care,$10+ billion (USD),1,0,21,29,25.0, NE,24,0,0,0,0,0
409,Other Data related Job,$10-$17 Per Hour(Glassdoor est.),2.7,FLEETCOR,5001 to 10000,2000,Company - Public,Finance,$2 to $5 billion (USD),1,0,10,17,13.5, TN,20,0,0,0,0,1
410,Other Data related Job,$150K-$239K (Glassdoor est.),3.3,Liberty Mutual Insurance,10000+,1912,Company - Private,Insurance,$10+ billion (USD),0,0,150,239,194.5, IL,108,1,0,0,0,0
411,Other Data related Job,$52K-$91K (Glassdoor est.),3.9,Southwest Research Institute,1001 to 5000,1947,Nonprofit Organization,Business Services,$500 million to $1 billion (USD),0,0,52,91,71.5, TX,73,1,0,0,1,1
412,Other Data related Job,$82K-$129K(Employer est.),3.7,Applied Research Laboratories,501 to 1000,-1,College / University,Education,Unknown / Non-Applicable,0,0,82,129,105.5, TX,-1,1,0,0,1,0
413,Other Data related Job,$47K-$101K (Glassdoor est.),3.1,Reynolds American,5001 to 10000,1875,Company - Private,Manufacturing,$10+ billion (USD),0,0,47,101,74.0, NC,145,0,0,0,0,1
414,Other Data related Job,$49K-$76K (Glassdoor est.),3.7,Raytheon,10000+,1922,Company - Public,Aerospace & Defense,$10+ billion (USD),0,0,49,76,62.5, AL,98,0,0,0,0,1
415,Other Data related Job,$43K-$88K (Glassdoor est.),4.3,RTI International,1001 to 5000,1958,Nonprofit Organization,Business Services,$500 million to $1 billion (USD),0,0,43,88,65.5, NC,62,0,0,0,0,0
416,Other Data related Job,$124K-$199K (Glassdoor est.),3.6,TRANZACT,1001 to 5000,1989,Company - Private,Business Services,Unknown / Non-Applicable,0,0,124,199,161.5, NJ,31,1,0,0,1,1
417,Other Data related Job,$52K-$93K (Glassdoor est.),2.1,United BioSource,1001 to 5000,2003,Other Organization,Biotech & Pharmaceuticals,$100 to $500 million (USD),0,0,52,93,72.5, PA,17,0,0,0,0,1
418,Senior Data Engineer,$97K-$181K (Glassdoor est.),3.9,Figure Eight,51 to 200,2008,Company - Public,Information Technology,$10 to $25 million (USD),0,0,97,181,139.0, CA,12,1,0,0,1,1
419,Senior Data Engineer,$100K-$173K (Glassdoor est.),3.9,Tapjoy,201 to 500,2007,Company - Private,Information Technology,$10 to $25 million (USD),0,0,100,173,136.5, CA,13,0,0,0,0,0
420,Other Data related Job,$53K-$96K (Glassdoor est.),3.8,Fareportal,1001 to 5000,2002,Company - Private,Travel & Tourism,$2 to $5 billion (USD),0,0,53,96,74.5, NY,18,1,0,1,0,0
421,Other Data related Job,$65K-$96K (Glassdoor est.),3.1,Reynolds American,5001 to 10000,1875,Company - Private,Manufacturing,$10+ billion (USD),0,0,65,96,80.5, NC,145,0,0,0,0,1
424,Data Scientist,$75K-$127K (Glassdoor est.),5.0,Royce Geospatial,51 to 200,2014,Company - Private,Aerospace & Defense,$10 to $25 million (USD),0,0,75,127,101.0, VA,6,1,0,0,0,0
428,Data Scientist,$94K-$139K (Glassdoor est.),3.6,Citi,10000+,1812,Company - Public,Finance,$10+ billion (USD),0,0,94,139,116.5, NJ,208,0,0,0,0,1
429,Other Data related Job,$176K-$289K (Glassdoor est.),4.7,Sage Intacct,501 to 1000,1999,Subsidiary or Business Segment,Information Technology,Unknown / Non-Applicable,0,0,176,289,232.5, CA,21,1,0,0,0,0
430,Data Scientist,$92K-$149K (Glassdoor est.),3.5,Scale AI,51 to 200,2016,Company - Private,Information Technology,Unknown / Non-Applicable,0,0,92,149,120.5, CA,4,1,0,0,0,0
433,Data Scientist,$118K-$188K (Glassdoor est.),2.7,Change Healthcare,10000+,2007,Company - Public,Information Technology,Unknown / Non-Applicable,0,0,118,188,153.0, CA,13,1,0,1,1,0
434,Data Scientist,$108K-$146K (Glassdoor est.),3.4,MZ,501 to 1000,2008,Company - Private,Information Technology,Unknown / Non-Applicable,0,0,108,146,127.0, CA,12,1,0,1,0,0
435,Data Scientist,$65K-$106K (Glassdoor est.),4.7,HG Insights,51 to 200,2010,Company - Private,Information Technology,Unknown / Non-Applicable,0,0,65,106,85.5, CA,10,1,0,1,0,1
436,Data Scientist,$55K-$98K (Glassdoor est.),2.8,"1-800-FLOWERS.COM, Inc.",1001 to 5000,1976,Company - Public,Business Services,$1 to $2 billion (USD),0,0,55,98,76.5, NY,44,1,0,0,0,1
437,Data Scientist,$94K-$162K (Glassdoor est.),3.5,CBS Interactive,1001 to 5000,1992,Subsidiary or Business Segment,Media,$500 million to $1 billion (USD),0,0,94,162,128.0, NY,28,1,0,1,0,0
438,Data Engineer,$63K-$120K (Glassdoor est.),3.2,"Numeric, LLC",1 to 50,-1,Company - Private,Business Services,$5 to $10 million (USD),0,0,63,120,91.5, PA,-1,1,0,1,1,1
446,Staff Data Engineer,$126K-$228K (Glassdoor est.),3.7,Samsung Research America,1001 to 5000,1988,Subsidiary or Business Segment,Information Technology,$50 to $100 million (USD),0,0,126,228,177.0, CA,32,1,0,1,1,0
447,Data Scientist,$80K-$134K (Glassdoor est.),4.7,Systems & Technology Research,201 to 500,2010,Company - Private,Aerospace & Defense,$100 to $500 million (USD),0,0,80,134,107.0, VA,10,1,0,1,0,1
448,Data Scientist,$120K-$189K (Glassdoor est.),4.1,Netskope,501 to 1000,2012,Company - Private,Information Technology,Unknown / Non-Applicable,0,0,120,189,154.5, CA,8,1,0,1,0,1
449,Data Scientist,$85K-$142K (Glassdoor est.),4.0,Lorven Technologies Inc,1 to 50,-1,Company - Private,Other,Less than $1 million (USD),0,0,85,142,113.5, CA,-1,1,0,1,0,0
451,Data Scientist,$111K-$176K (Glassdoor est.),2.5,CareDx,1 to 50,-1,Company - Private,Biotech & Pharmaceuticals,Unknown / Non-Applicable,0,0,111,176,143.5, CA,-1,1,0,0,0,1
452,Data Scientist,$87K-$140K (Glassdoor est.),3.9,Serigor Inc.,1 to 50,-1,Company - Private,Information Technology,Less than $1 million (USD),0,0,87,140,113.5, CA,-1,1,0,0,0,0
453,Data Scientist,$76K-$127K (Glassdoor est.),3.4,Leidos,10000+,1969,Company - Public,Aerospace & Defense,$10+ billion (USD),0,0,76,127,101.5, VA,51,1,0,0,1,0
454,Other Data related Job,$54K-$92K (Glassdoor est.),3.6,Beckman Coulter Diagnostics,10000+,1935,Subsidiary or Business Segment,Manufacturing,$2 to $5 billion (USD),0,0,54,92,73.0, NY,85,0,0,0,1,1
455,Data Scientist,$61K-$100K (Glassdoor est.),3.5,IHS Markit,10000+,2016,Company - Public,Business Services,$2 to $5 billion (USD),0,0,61,100,80.5, NY,4,1,0,0,1,0
458,Data Scientist,$108K-$171K (Glassdoor est.),3.5,e-IT Professionals Corp.,51 to 200,-1,Company - Private,Other,$5 to $10 million (USD),0,0,108,171,139.5, CA,-1,1,0,0,0,0
459,Data Scientist,$112K-$179K (Glassdoor est.),4.8,TechProjects,1 to 50,2011,Company - Private,Information Technology,Unknown / Non-Applicable,0,0,112,179,145.5, NY,9,1,0,0,0,1
460,Data Scientist,$63K-$111K (Glassdoor est.),4.0,Biz2Credit Inc,201 to 500,2007,Company - Private,Finance,$100 to $500 million (USD),0,0,63,111,87.0, NY,13,0,0,0,0,1
461,Data Scientist,$75K-$126K (Glassdoor est.),4.2,PeoplesBank,201 to 500,1885,Company - Private,Finance,$50 to $100 million (USD),0,0,75,126,100.5, MA,135,0,0,0,0,1
462,Other Data related Job,$110K-$184K (Glassdoor est.),3.8,Capgemini,10000+,1967,Company - Public,Information Technology,$10+ billion (USD),0,0,110,184,147.0, NY,53,1,0,1,0,1
463,Data Engineer,$76K-$145K (Glassdoor est.),3.7,GNY Insurance Companies,201 to 500,1914,Company - Private,Insurance,$100 to $500 million (USD),0,0,76,145,110.5, NY,106,1,0,0,0,1
465,Data Scientist,$70K-$118K (Glassdoor est.),4.6,"Conch Technologies, Inc",51 to 200,-1,Company - Private,Business Services,$5 to $10 million (USD),0,0,70,118,94.0, MA,-1,1,0,1,1,0
466,Senior Data Scientist,$94K-$153K (Glassdoor est.),4.3,Medidata Solutions,1001 to 5000,1999,Company - Public,Information Technology,$500 million to $1 billion (USD),0,0,94,153,123.5, NY,21,1,0,0,1,0
469,Other Data related Job,$49K-$97K (Glassdoor est.),4.0,HP Inc.,10000+,1939,Company - Public,Information Technology,Unknown / Non-Applicable,0,0,49,97,73.0, OR,81,0,0,0,0,0
474,Other Data related Job,$150K-$180K (Glassdoor est.),3.9,Quartet Health,201 to 500,2014,Company - Private,Information Technology,Unknown / Non-Applicable,0,0,150,180,165.0, NY,6,1,0,0,0,0
477,Data Analyst,$42K-$77K (Glassdoor est.),3.1,Success Academy Charter Schools,1001 to 5000,2006,School / School District,Education,$100 to $500 million (USD),0,0,42,77,59.5, NY,14,1,0,0,0,1
481,Data Analyst,$47K-$85K (Glassdoor est.),3.6,AXION Healthcare Solutions,1 to 50,1980,Company - Private,Health Care,$10 to $25 million (USD),0,0,47,85,66.0, NY,40,0,0,0,0,1
483,Data Scientist,$56K-$95K (Glassdoor est.),4.2,ExecOnline,51 to 200,2012,Company - Private,Education,Unknown / Non-Applicable,0,0,56,95,75.5, NY,8,1,0,0,1,0
484,Machine Learning Engineer,$62K-$112K (Glassdoor est.),4.0,Mteq,501 to 1000,1954,Company - Public,Aerospace & Defense,$100 to $500 million (USD),0,0,62,112,87.0, VA,66,1,0,0,0,0
485,Other Data related Job,$107K-$173K (Glassdoor est.),3.9,AstraZeneca,10000+,1913,Company - Public,Biotech & Pharmaceuticals,$10+ billion (USD),0,0,107,173,140.0, MD,107,1,0,0,0,1
486,Data Scientist,$64K-$108K (Glassdoor est.),3.7,Brillient,201 to 500,2006,Company - Private,Information Technology,$25 to $50 million (USD),0,0,64,108,86.0, MD,14,1,0,0,0,1
487,Senior Data Scientist,$89K-$144K (Glassdoor est.),4.4,Entefy,1 to 50,2012,Company - Private,Information Technology,Unknown / Non-Applicable,0,0,89,144,116.5, CA,8,1,0,0,0,0
491,Data Engineer,$55K-$105K (Glassdoor est.),3.4,Trace3,501 to 1000,2002,Company - Private,Information Technology,$1 to $2 billion (USD),0,0,55,105,80.0, TX,18,1,0,1,0,1
494,Principal Data Scientist,$135K-$211K (Glassdoor est.),3.7,Northrop Grumman,10000+,1939,Company - Public,Aerospace & Defense,$10+ billion (USD),0,0,135,211,173.0, CA,81,1,0,0,0,0
495,Data Engineer,$57K-$80K (Glassdoor est.),3.5,Saama Technologies Inc,501 to 1000,1997,Company - Private,Biotech & Pharmaceuticals,Unknown / Non-Applicable,0,0,57,80,68.5, AZ,23,1,0,1,0,0
496,Other Data related Job,$129K-$215K (Glassdoor est.),4.4,Two Sigma,1001 to 5000,2001,Company - Private,Finance,Unknown / Non-Applicable,0,0,129,215,172.0, NY,19,0,0,0,0,0
498,Other Data related Job,$63K-$127K (Glassdoor est.),3.9,AstraZeneca,10000+,1913,Company - Public,Biotech & Pharmaceuticals,$10+ billion (USD),0,0,63,127,95.0, MD,107,0,0,0,0,0
499,Other Data related Job,$50K-$89K (Glassdoor est.),3.2,MITRE,5001 to 10000,1958,Nonprofit Organization,Government,$1 to $2 billion (USD),0,0,50,89,69.5, MA,62,1,0,0,0,1
502,Data Scientist,$71K-$124K (Glassdoor est.),4.0,Strategic Financial Solutions,501 to 1000,2007,Company - Private,Other,Unknown / Non-Applicable,0,0,71,124,97.5, NY,13,1,0,0,0,1
505,Data Scientist,$69K-$121K (Glassdoor est.),3.4,"Remedy BPCI Partners, LLC.",201 to 500,2011,Company - Private,Health Care,Unknown / Non-Applicable,0,0,69,121,95.0, NY,9,1,0,1,1,0
507,Principal Data Scientist,$150K-$238K (Glassdoor est.),3.2,The Climate Corporation,501 to 1000,2006,Subsidiary or Business Segment,Information Technology,Unknown / Non-Applicable,0,0,150,238,194.0, CA,14,0,0,0,1,1
508,Data Scientist,$77K-$132K (Glassdoor est.),3.5,Crossix Solutions,201 to 500,2005,Company - Public,Business Services,Unknown / Non-Applicable,0,0,77,132,104.5, NY,15,1,0,1,1,1
510,Other Data related Job,$59K-$112K (Glassdoor est.),4.2,Clarity Insights,201 to 500,2008,Company - Private,Information Technology,Unknown / Non-Applicable,0,0,59,112,85.5, NC,12,1,0,0,0,1
511,Other Data related Job,$35K-$65K (Glassdoor est.),4.2,The Church of Jesus Christ of Latter-day Saints,10000+,-1,Nonprofit Organization,Non-Profit,Unknown / Non-Applicable,0,0,35,65,50.0, UT,-1,0,0,0,1,1
512,Data Engineer,$79K-$147K (Glassdoor est.),3.1,NCSOFT,1001 to 5000,1997,Company - Public,Media,$10+ billion (USD),0,0,79,147,113.0, CA,23,1,0,1,1,1
513,Other Data related Job,$62K-$119K (Glassdoor est.),3.9,GSK,10000+,1830,Company - Public,Biotech & Pharmaceuticals,$10+ billion (USD),0,0,62,119,90.5, MA,190,0,0,0,1,0
514,Senior Data Scientist,$119K-$187K (Glassdoor est.),4.3,Factual,51 to 200,2008,Company - Private,Information Technology,Unknown / Non-Applicable,0,0,119,187,153.0, CA,12,1,0,1,0,1
515,Other Data related Job,$90K-$157K (Glassdoor est.),3.3,TriNet,1001 to 5000,1988,Company - Public,Business Services,$2 to $5 billion (USD),0,0,90,157,123.5, CA,32,0,0,0,0,1
516,Other Data related Job,$32K-$62K (Glassdoor est.),3.9,Signpost,201 to 500,2010,Company - Private,Information Technology,$10 to $25 million (USD),0,0,32,62,47.0, NY,10,0,0,1,0,0
518,Other Data related Job,$116K-$208K (Glassdoor est.),4.0,Adobe,10000+,1982,Company - Public,Information Technology,$5 to $10 billion (USD),0,0,116,208,162.0, CA,38,1,0,0,0,1
522,Senior Data Scientist,$102K-$165K (Glassdoor est.),3.5,Sartorius,5001 to 10000,1870,Company - Public,Biotech & Pharmaceuticals,$1 to $2 billion (USD),0,0,102,165,133.5, CO,150,1,0,0,0,1
525,Senior Data Engineer,$76K-$142K (Glassdoor est.),3.2,Equian LLC,1001 to 5000,2004,Company - Private,Health Care,Unknown / Non-Applicable,0,0,76,142,109.0, TN,16,0,0,0,1,1
529,Machine Learning Engineer,$91K-$159K (Glassdoor est.),3.2,Information Builders,1001 to 5000,1975,Company - Private,Information Technology,Unknown / Non-Applicable,0,0,91,159,125.0, NY,45,1,0,0,1,1
530,Other Data related Job,$80K-$133K (Glassdoor est.),3.8,Novartis,10000+,1996,Company - Public,Biotech & Pharmaceuticals,$10+ billion (USD),0,0,80,133,106.5, MA,24,1,0,0,0,0
536,Other Data related Job,$39K-$69K (Glassdoor est.),3.7,The Hanover Insurance Group,5001 to 10000,1852,Company - Public,Insurance,$5 to $10 billion (USD),0,0,39,69,54.0, MA,168,0,0,0,0,0
538,Clinical Data Analyst,$27K-$48K (Glassdoor est.),3.0,Greenway Health,1001 to 5000,1977,Subsidiary or Business Segment,Information Technology,$100 to $500 million (USD),0,0,27,48,37.5, FL,43,0,0,0,0,1
539,Other Data related Job,$36K-$71K (Glassdoor est.),3.8,Fareportal,1001 to 5000,2002,Company - Private,Travel & Tourism,$2 to $5 billion (USD),0,0,36,71,53.5, NY,18,1,0,0,0,1
549,Other Data related Job,$130K-$206K (Glassdoor est.),4.7,Confluent,501 to 1000,2014,Company - Private,Information Technology,$100 to $500 million (USD),0,0,130,206,168.0, CA,6,1,0,0,0,1
552,Senior Data Analyst,$99K-$178K (Glassdoor est.),3.9,Life360,51 to 200,2008,Company - Public,Information Technology,Unknown / Non-Applicable,0,0,99,178,138.5, CA,12,1,0,0,0,0
553,Other Data related Job,$86K-$137K (Glassdoor est.),3.6,IQVIA,10000+,2017,Company - Public,Biotech & Pharmaceuticals,$2 to $5 billion (USD),0,0,86,137,111.5, PA,3,0,0,0,0,0
554,Other Data related Job,$37K-$100K (Glassdoor est.),3.6,MassMutual,5001 to 10000,1851,Company - Private,Insurance,$10+ billion (USD),0,0,37,100,68.5, MA,169,0,0,0,0,1
555,Other Data related Job,$58K-$111K (Glassdoor est.),3.9,GSK,10000+,1830,Company - Public,Biotech & Pharmaceuticals,$10+ billion (USD),0,0,58,111,84.5, MA,190,0,0,0,1,0
556,Senior Data Engineer,$72K-$133K (Glassdoor est.),4.4,Eventbrite,1001 to 5000,2006,Company - Public,Information Technology,$100 to $500 million (USD),0,0,72,133,102.5, TN,14,1,0,1,1,0
558,Other Data related Job,$61K-$126K (Glassdoor est.),3.6,Riverside Research Institute,501 to 1000,1967,Nonprofit Organization,Government,$50 to $100 million (USD),0,0,61,126,93.5, OH,53,1,0,0,0,0
559,Data Science Manager,$95K-$160K (Glassdoor est.),3.2,"Numeric, LLC",1 to 50,-1,Company - Private,Business Services,$5 to $10 million (USD),0,0,95,160,127.5, PA,-1,0,0,0,0,1
560,Other Data related Job,$53K-$91K (Glassdoor est.),4.2,The Church of Jesus Christ of Latter-day Saints,10000+,-1,Nonprofit Organization,Non-Profit,Unknown / Non-Applicable,0,0,53,91,72.0, UT,-1,0,0,0,0,0
562,Other Data related Job,$33K-$61K (Glassdoor est.),3.1,Icon Health and Fitness,1001 to 5000,1977,Company - Private,Manufacturing,$500 million to $1 billion (USD),0,0,33,61,47.0, UT,43,1,0,0,0,1
563,Other Data related Job,$44K-$86K (Glassdoor est.),3.8,Shipt,501 to 1000,2014,Subsidiary or Business Segment,Other,Unknown / Non-Applicable,0,0,44,86,65.0, AL,6,1,0,1,1,1
567,Senior Data Analyst,$69K-$119K (Glassdoor est.),4.0,Novetta,501 to 1000,2012,Company - Private,Information Technology,$100 to $500 million (USD),0,0,69,119,94.0, VA,8,1,0,0,0,0
569,Senior Data Engineer,$67K-$127K (Glassdoor est.),4.0,Novetta,501 to 1000,2012,Company - Private,Information Technology,$100 to $500 million (USD),0,0,67,127,97.0, VA,8,1,0,1,1,0
571,Other Data related Job,$66K-$117K (Glassdoor est.),3.6,MassMutual,5001 to 10000,1851,Company - Private,Insurance,$10+ billion (USD),0,0,66,117,91.5, MA,169,0,0,1,1,1
573,Other Data related Job,$86K-$143K (Glassdoor est.),3.8,Novartis,10000+,1996,Company - Public,Biotech & Pharmaceuticals,$10+ billion (USD),0,0,86,143,114.5, MA,24,0,0,0,0,0
575,Other Data related Job,$50K-$98K (Glassdoor est.),3.2,"Numeric, LLC",1 to 50,-1,Company - Private,Business Services,$5 to $10 million (USD),0,0,50,98,74.0, PA,-1,1,0,0,1,0
578,Other Data related Job,$92K-$150K (Glassdoor est.),3.8,Novartis,10000+,1996,Company - Public,Biotech & Pharmaceuticals,$10+ billion (USD),0,0,92,150,121.0, MA,24,0,0,0,0,0
579,Other Data related Job,$90K-$153K (Glassdoor est.),4.5,Demandbase,201 to 500,2006,Company - Private,Information Technology,$100 to $500 million (USD),0,0,90,153,121.5, CA,14,0,0,0,0,0
584,Data Engineer,$42K-$79K (Glassdoor est.),3.4,IntraEdge,501 to 1000,2002,Company - Private,Information Technology,$50 to $100 million (USD),0,0,42,79,60.5, AZ,18,1,0,1,1,0
587,Big Data Engineer,$84K-$153K (Glassdoor est.),3.3,Peraton,1001 to 5000,2017,Company - Private,Aerospace & Defense,$1 to $2 billion (USD),0,0,84,153,118.5, VA,3,1,0,1,0,0
592,Other Data related Job,$44K-$73K (Glassdoor est.),3.8,COUNTRY Financial,1001 to 5000,1925,Company - Private,Insurance,$2 to $5 billion (USD),0,0,44,73,58.5, IL,95,1,0,1,0,1
595,Other Data related Job,$40K-$87K (Glassdoor est.),3.9,Tapjoy,201 to 500,2007,Company - Private,Information Technology,$10 to $25 million (USD),0,0,40,87,63.5, CA,13,1,0,1,0,0
597,Other Data related Job,$72K-$142K (Glassdoor est.),4.1,Mentor Graphics,5001 to 10000,1981,Company - Public,Information Technology,$1 to $2 billion (USD),0,0,72,142,107.0, CA,39,1,0,0,0,1
598,Data Engineer,$74K-$137K (Glassdoor est.),3.7,Maxar Technologies,5001 to 10000,-1,Company - Public,Aerospace & Defense,$2 to $5 billion (USD),0,0,74,137,105.5, VA,-1,1,0,1,0,0
599,Data Engineer,$57K-$109K (Glassdoor est.),2.8,ICW Group,501 to 1000,1972,Company - Private,Insurance,$500 million to $1 billion (USD),0,0,57,109,83.0, CA,48,0,0,0,0,0
604,Other Data related Job,$59K-$116K (Glassdoor est.),3.0,Exelixis,501 to 1000,1994,Company - Public,Biotech & Pharmaceuticals,Unknown / Non-Applicable,0,0,59,116,87.5, CA,26,0,0,0,0,1
608,Other Data related Job,$136K-$208K (Glassdoor est.),4.0,Pfizer,10000+,1849,Company - Public,Biotech & Pharmaceuticals,$10+ billion (USD),0,0,136,208,172.0, MA,171,0,0,0,1,0
611,Other Data related Job,$71K-$129K (Glassdoor est.),3.0,Exelixis,501 to 1000,1994,Company - Public,Biotech & Pharmaceuticals,Unknown / Non-Applicable,0,0,71,129,100.0, CA,26,0,0,0,0,1
613,Data Science Manager,$171K-$272K (Glassdoor est.),4.2,Grand Rounds,501 to 1000,2011,Company - Private,Health Care,Unknown / Non-Applicable,0,0,171,272,221.5, CA,9,1,0,0,0,1
615,Data Engineer,$65K-$126K (Glassdoor est.),3.5,"SPINS, LLC",201 to 500,1995,Company - Private,Business Services,$50 to $100 million (USD),0,0,65,126,95.5, IL,25,1,0,0,0,0
619,Other Data related Job,$118K-$228K (Glassdoor est.),3.3,DTCC,1001 to 5000,1973,Company - Private,Finance,$1 to $2 billion (USD),0,0,118,228,173.0, NJ,47,1,0,0,0,1
626,Principal Data Scientist,$113K-$182K (Glassdoor est.),3.9,AstraZeneca,10000+,1913,Company - Public,Biotech & Pharmaceuticals,$10+ billion (USD),0,0,113,182,147.5, MD,107,1,0,0,0,1
628,Data Engineer,$58K-$104K (Glassdoor est.),3.7,Carilion Clinic,10000+,1899,Nonprofit Organization,Health Care,$1 to $2 billion (USD),0,0,58,104,81.0, VA,121,0,0,0,0,1
632,Sr. Data Analyst,$58K-$108K (Glassdoor est.),3.2,DoubleVerify,201 to 500,2008,Company - Private,Information Technology,Unknown / Non-Applicable,0,0,58,108,83.0, NY,12,1,0,1,0,1
633,Other Data related Job,$81K-$161K (Glassdoor est.),4.6,Mitsubishi Electric Research Labs,51 to 200,1991,Subsidiary or Business Segment,Business Services,$5 to $10 million (USD),0,0,81,161,121.0, MA,29,0,0,0,1,1
635,Other Data related Job,$61K-$110K (Glassdoor est.),2.2,"Rodan and Fields, LLC",501 to 1000,2002,Company - Private,Retail,Unknown / Non-Applicable,0,0,61,110,85.5, CA,18,0,0,0,0,1
637,Other Data related Job,$115K-$220K (Glassdoor est.),4.6,Mitsubishi Electric Research Labs,51 to 200,1991,Subsidiary or Business Segment,Business Services,$5 to $10 million (USD),0,0,115,220,167.5, MA,29,0,0,0,0,0
638,Other Data related Job,$71K-$144K (Glassdoor est.),2.6,Software Engineering Institute,501 to 1000,1984,College / University,Education,Unknown / Non-Applicable,0,0,71,144,107.5, PA,36,1,0,0,0,0
639,Other Data related Job,$32K-$57K (Glassdoor est.),3.4,DESC,501 to 1000,1979,Nonprofit Organization,Non-Profit,$25 to $50 million (USD),0,0,32,57,44.5, WA,41,0,0,0,1,1
640,Other Data related Job,$79K-$136K (Glassdoor est.),3.3,Johns Hopkins Health Care,1001 to 5000,1889,Company - Private,Health Care,$500 million to $1 billion (USD),0,0,79,136,107.5, MD,131,0,0,0,0,0
642,Sr. Data Analyst,$50K-$89K (Glassdoor est.),3.7,Community Behavioral Health,201 to 500,1994,Company - Private,Health Care,$500 million to $1 billion (USD),0,0,50,89,69.5, PA,26,0,0,0,0,1
643,Other Data related Job,$68K-$129K (Glassdoor est.),3.5,Western Digital,10000+,1970,Company - Public,Information Technology,$10+ billion (USD),0,0,68,129,98.5, CA,50,1,0,1,1,0
644,Other Data related Job,$48K-$113K (Glassdoor est.),2.7,Advanced BioScience Laboratories,201 to 500,1961,Company - Private,Biotech & Pharmaceuticals,$25 to $50 million (USD),0,0,48,113,80.5, MD,59,0,0,0,0,1
645,Other Data related Job,$27-$47 Per Hour(Glassdoor est.),3.8,FORMA THERAPEUTICS,51 to 200,2008,Company - Private,Biotech & Pharmaceuticals,$10 to $25 million (USD),1,0,27,47,37.0, MA,12,0,0,0,0,1
646,Other Data related Job,$74K-$124K (Glassdoor est.),3.7,Raytheon,10000+,1922,Company - Public,Aerospace & Defense,$10+ billion (USD),0,0,74,124,99.0, MD,98,1,0,0,0,0
647,Other Data related Job,$68K-$125K (Glassdoor est.),3.8,Agios Pharmaceuticals,501 to 1000,2008,Company - Public,Biotech & Pharmaceuticals,$50 to $100 million (USD),0,0,68,125,96.5, MA,12,0,0,0,0,1
648,Other Data related Job,$39K-$67K (Glassdoor est.),3.3,Liberty Mutual Insurance,10000+,1912,Company - Private,Insurance,$10+ billion (USD),0,0,39,67,53.0, MA,108,0,0,0,0,0
649,Other Data related Job,$71K-$135K (Glassdoor est.),2.7,Bridg,1 to 50,2011,Company - Private,Information Technology,Unknown / Non-Applicable,0,0,71,135,103.0, CA,9,0,0,1,1,0
653,Other Data related Job,$61K-$123K (Glassdoor est.),3.9,AstraZeneca,10000+,1913,Company - Public,Biotech & Pharmaceuticals,$10+ billion (USD),0,0,61,123,92.0, MD,107,0,0,0,0,0
656,Data Scientist,$87K-$141K (Glassdoor est.),3.6,TRANZACT,1001 to 5000,1989,Company - Private,Business Services,Unknown / Non-Applicable,0,0,87,141,114.0, NJ,31,1,0,0,1,1
658,Data Scientist,$71K-$121K (Glassdoor est.),3.5,Charter Spectrum,1 to 50,-1,School / School District,Education,$5 to $10 million (USD),0,0,71,121,96.0, MO,-1,0,0,0,0,1
674,Data Scientist,$72K-$121K (Glassdoor est.),3.4,CompQsoft,51 to 200,1997,Company - Private,Business Services,$10 to $25 million (USD),0,0,72,121,96.5, DC,23,1,0,0,0,0
685,Data Scientist,$51K-$88K (Glassdoor est.),4.3,Solugenix Corporation,201 to 500,1969,Company - Private,Information Technology,$50 to $100 million (USD),0,0,51,88,69.5, AZ,51,1,0,0,0,1
686,Data Scientist,$101K-$141K (Glassdoor est.),2.6,West Coast University,10000+,1997,Company - Private,Education,Unknown / Non-Applicable,0,0,101,141,121.0, CA,23,1,0,0,0,0
689,Other Data related Job,$79K-$127K (Glassdoor est.),3.8,SoftBank Robotics,201 to 500,2005,Subsidiary or Business Segment,Manufacturing,$25 to $50 million (USD),0,0,79,127,103.0, CA,15,1,0,0,1,0
692,Other Data related Job,$81K-$132K (Glassdoor est.),3.2,MITRE,5001 to 10000,1958,Nonprofit Organization,Government,$1 to $2 billion (USD),0,0,81,132,106.5, VA,62,1,0,1,0,1
693,Senior Data Scientist,Employer Provided Salary:$120K-$140K,5.0,SkySync,51 to 200,2011,Company - Private,Information Technology,Unknown / Non-Applicable,0,1,120,140,130.0, MI,9,0,0,0,0,1
695,Other Data related Job,$63K-$110K (Glassdoor est.),4.3,Medidata Solutions,1001 to 5000,1999,Company - Public,Information Technology,$500 million to $1 billion (USD),0,0,63,110,86.5, NY,21,0,0,0,1,1
700,Data Scientist,$65K-$113K (Glassdoor est.),3.4,"DatamanUSA, LLC",51 to 200,-1,Company - Private,Information Technology,$5 to $10 million (USD),0,0,65,113,89.0, WA,-1,0,0,0,0,0
716,Other Data related Job,$59K-$125K (Glassdoor est.),4.0,23andMe,501 to 1000,2006,Company - Private,Biotech & Pharmaceuticals,Unknown / Non-Applicable,0,0,59,125,92.0, CA,14,0,0,0,1,1
732,Other Data related Job,$80K-$142K (Glassdoor est.),4.1,CK-12 Foundation,1 to 50,2007,Company - Private,Education,Unknown / Non-Applicable,0,0,80,142,111.0, CA,13,1,0,0,1,1
735,Data Engineer,$62K-$113K (Glassdoor est.),3.9,Fivestars,201 to 500,2011,Company - Private,Information Technology,$100 to $500 million (USD),0,0,62,113,87.5, CA,9,1,0,0,1,1
